text_id,analysis_level,word_count_text,word_count_source,detected_cases_raw,detected_cases_per_1000,macro_enhancement_raw,macro_enhancement_per_1000,interpara_enh_spatio_temporal_simple_concl_raw,interpara_enh_spatio_temporal_simple_concl_per_1000,interpara_enh_spatio_temporal_complex_punctiliar_raw,interpara_enh_spatio_temporal_complex_punctiliar_per_1000,interpara_enh_caus_reason_raw,interpara_enh_caus_reason_per_1000,interpara_enh_spatio_temporal_simple_sim_raw,interpara_enh_spatio_temporal_simple_sim_per_1000,macro_extension_raw,macro_extension_per_1000,interpara_enh_spatio_temporal_simple_following_raw,interpara_enh_spatio_temporal_simple_following_per_1000,interpara_ext_add_positive_raw,interpara_ext_add_positive_per_1000,interpara_enh_spatio_temporal_complex_interrupted_raw,interpara_enh_spatio_temporal_complex_interrupted_per_1000,interpara_enh_caus_general_raw,interpara_enh_caus_general_per_1000,interpara_ext_var_repl_raw,interpara_ext_var_repl_per_1000,interpara_enh_spatio_temporal_complex_specific_raw,interpara_enh_spatio_temporal_complex_specific_per_1000,interpara_ext_adv_raw,interpara_ext_adv_per_1000,macro_elaboration_raw,macro_elaboration_per_1000,interpara_elab_clar_sum_raw,interpara_elab_clar_sum_per_1000,interpara_enh_manner_comparison_positive_raw,interpara_enh_manner_comparison_positive_per_1000,interpara_elab_clar_distractive_raw,interpara_elab_clar_distractive_per_1000,interpara_elab_clar_verif_raw,interpara_elab_clar_verif_per_1000,interpara_enh_spatio_temporal_simple_preceding_raw,interpara_enh_spatio_temporal_simple_preceding_per_1000,interpara_enh_spatio_temporal_complex_repetitive_raw,interpara_enh_spatio_temporal_complex_repetitive_per_1000,interpara_enh_manner_means_raw,interpara_enh_manner_means_per_1000,interpara_enh_caus_cond_positive_raw,interpara_enh_caus_cond_positive_per_1000,interpara_enh_caus_cond_negative_raw,interpara_enh_caus_cond_negative_per_1000,interpara_enh_caus_purpose_raw,interpara_enh_caus_purpose_per_1000,interpara_elab_clar_dismissive_raw,interpara_elab_clar_dismissive_per_1000,interpara_enh_caus_conc_raw,interpara_enh_caus_conc_per_1000,interpara_enh_spatio_temporal_complex_durative_raw,interpara_enh_spatio_temporal_complex_durative_per_1000,interpara_elab_appositive_raw,interpara_elab_appositive_per_1000,interpara_ext_var_subtr_raw,interpara_ext_var_subtr_per_1000,interpara_enh_matter_positive_raw,interpara_enh_matter_positive_per_1000,interpara_enh_spatio_temporal_complex_immediate_raw,interpara_enh_spatio_temporal_complex_immediate_per_1000
cn_wr_b1_24_14_14_zy,inter_paragraph_v2_true_boundaries,344,parser_full_text,1,2.9069767441860463,1.0,2.9069767441860463,1.0,2.9069767441860463,,,,,,,,,,,,,,,,,,,,,,,,,,,,,,,,,,,,,,,,,,,,,,,,,,,,,,,,,,
cn_wr_b1_28_14_14_yxy,inter_paragraph_v2_true_boundaries,396,parser_full_text,1,2.5252525252525255,1.0,2.5252525252525255,,,1.0,2.5252525252525255,,,,,,,,,,,,,,,,,,,,,,,,,,,,,,,,,,,,,,,,,,,,,,,,,,,,,,,,
cn_wr_b2_26_17_14_js,inter_paragraph_v2_true_boundaries,531,parser_full_text,1,1.8832391713747645,1.0,1.8832391713747645,,,,,1.0,1.8832391713747645,,,,,,,,,,,,,,,,,,,,,,,,,,,,,,,,,,,,,,,,,,,,,,,,,,,,,,
cn_wr_c1_22_16_14_ihs,inter_paragraph_v2_true_boundaries,887,parser_full_text,1,1.1273957158962795,1.0,1.1273957158962795,,,,,,,1.0,1.1273957158962795,,,,,,,,,,,,,,,,,,,,,,,,,,,,,,,,,,,,,,,,,,,,,,,,,,,,
cz_wr_a2_18_8.5_14_al,inter_paragraph_v2_true_boundaries,304,parser_full_text,4,13.157894736842104,3.0,9.868421052631579,,,,,,,,,1.0,3.289473684210526,3.0,9.868421052631579,1.0,3.289473684210526,,,,,,,,,,,,,,,,,,,,,,,,,,,,,,,,,,,,,,,,,,,,,,
cz_wr_a2_18_9_14_kz,inter_paragraph_v2_true_boundaries,480,parser_full_text,2,4.166666666666667,2.0,4.166666666666667,,,,,,,,,,,2.0,4.166666666666667,,,,,,,,,,,,,,,,,,,,,,,,,,,,,,,,,,,,,,,,,,,,,,,,
cz_wr_a2_19_13_14_vv,inter_paragraph_v2_true_boundaries,716,parser_full_text,3,4.189944134078212,3.0,4.189944134078212,,,,,,,,,,,3.0,4.189944134078212,,,,,,,,,,,,,,,,,,,,,,,,,,,,,,,,,,,,,,,,,,,,,,,,
cz_wr_b1_20_14_14_at,inter_paragraph_v2_true_boundaries,452,parser_full_text,1,2.2123893805309733,1.0,2.2123893805309733,,,,,,,,,,,,,,,1.0,2.2123893805309733,,,,,,,,,,,,,,,,,,,,,,,,,,,,,,,,,,,,,,,,,,,,
cz_wr_b1_47_4_14_vh,inter_paragraph_v2_true_boundaries,441,parser_full_text,3,6.802721088435374,3.0,6.802721088435374,,,,,,,1.0,2.2675736961451247,,,,,,,,,2.0,4.535147392290249,,,,,,,,,,,,,,,,,,,,,,,,,,,,,,,,,,,,,,,,,,
cz_wr_b2_18_8_14_nd,inter_paragraph_v2_true_boundaries,475,parser_full_text,1,2.1052631578947367,1.0,2.1052631578947367,,,,,,,,,,,,,,,,,1.0,2.1052631578947367,,,,,,,,,,,,,,,,,,,,,,,,,,,,,,,,,,,,,,,,,,
cz_wr_c2_19_12.5_14_vk,inter_paragraph_v2_true_boundaries,433,parser_full_text,1,2.3094688221709005,1.0,2.3094688221709005,1.0,2.3094688221709005,,,,,,,,,,,,,,,,,,,,,,,,,,,,,,,,,,,,,,,,,,,,,,,,,,,,,,,,,,
cz_wr_c2_27_23_14_vj,inter_paragraph_v2_true_boundaries,1159,parser_full_text,1,0.8628127696289906,,,,,,,,,,,1.0,0.8628127696289906,,,,,,,,,1.0,0.8628127696289906,,,,,,,,,,,,,,,,,,,,,,,,,,,,,,,,,,,,,,,,
de_wr_b1_22_11_13_ls,inter_paragraph_v2_true_boundaries,317,parser_full_text,2,6.309148264984227,1.0,3.1545741324921135,,,,,,,,,1.0,3.1545741324921135,,,,,,,,,,,1.0,3.1545741324921135,1.0,3.1545741324921135,,,,,,,,,,,,,,,,,,,,,,,,,,,,,,,,,,,,
de_wr_b2_19_9_13_ia,inter_paragraph_v2_true_boundaries,502,parser_full_text,1,1.9920318725099602,1.0,1.9920318725099602,,,,,,,,,,,,,,,,,,,,,1.0,1.9920318725099602,,,,,,,,,,,,,,,,,,,,,,,,,,,,,,,,,,,,,,
de_wr_b2_23_21_13_lb,inter_paragraph_v2_true_boundaries,496,parser_full_text,1,2.0161290322580645,1.0,2.0161290322580645,,,,,,,,,,,,,,,,,1.0,2.0161290322580645,,,,,,,,,,,,,,,,,,,,,,,,,,,,,,,,,,,,,,,,,,
de_wr_b2_27_16_13_kk,inter_paragraph_v2_true_boundaries,560,parser_full_text,3,5.357142857142857,1.0,1.7857142857142856,,,,,,,,,2.0,3.571428571428571,,,,,1.0,1.7857142857142856,,,,,,,2.0,3.571428571428571,,,,,,,,,,,,,,,,,,,,,,,,,,,,,,,,,,,,
de_wr_b2_52_11_13_re,inter_paragraph_v2_true_boundaries,531,parser_full_text,1,1.8832391713747645,1.0,1.8832391713747645,,,,,,,,,,,,,,,,,,,,,1.0,1.8832391713747645,,,,,,,,,,,,,,,,,,,,,,,,,,,,,,,,,,,,,,
de_wr_c1_19_10_13_cd,inter_paragraph_v2_true_boundaries,451,parser_full_text,1,2.2172949002217295,1.0,2.2172949002217295,,,,,,,,,,,,,,,,,,,,,1.0,2.2172949002217295,,,,,,,,,,,,,,,,,,,,,,,,,,,,,,,,,,,,,,
de_wr_c1_19_12_14_kw,inter_paragraph_v2_true_boundaries,525,parser_full_text,2,3.8095238095238093,,,,,,,,,,,1.0,1.9047619047619047,,,,,,,,,,,,,1.0,1.9047619047619047,1.0,1.9047619047619047,1.0,1.9047619047619047,,,,,,,,,,,,,,,,,,,,,,,,,,,,,,,,
de_wr_c1_20_10_14_sb,inter_paragraph_v2_true_boundaries,686,parser_full_text,1,1.4577259475218658,,,,,,,,,,,,,,,,,,,,,,,,,,,1.0,1.4577259475218658,1.0,1.4577259475218658,,,,,,,,,,,,,,,,,,,,,,,,,,,,,,,,
de_wr_c1_20_12_14_jk,inter_paragraph_v2_true_boundaries,458,parser_full_text,1,2.1834061135371177,1.0,2.1834061135371177,,,,,,,1.0,2.1834061135371177,,,,,,,,,,,,,,,,,,,,,,,,,,,,,,,,,,,,,,,,,,,,,,,,,,,,
de_wr_c1_20_12_14_jt,inter_paragraph_v2_true_boundaries,427,parser_full_text,1,2.34192037470726,1.0,2.34192037470726,,,,,,,,,,,1.0,2.34192037470726,,,,,,,,,,,,,,,,,,,,,,,,,,,,,,,,,,,,,,,,,,,,,,,,
de_wr_c1_20_12_14_tz,inter_paragraph_v2_true_boundaries,417,parser_full_text,1,2.398081534772182,,,,,,,,,,,1.0,2.398081534772182,,,,,,,,,,,,,1.0,2.398081534772182,,,,,,,,,,,,,,,,,,,,,,,,,,,,,,,,,,,,
de_wr_c1_20_12_14_vs,inter_paragraph_v2_true_boundaries,554,parser_full_text,5,9.025270758122744,4.0,7.220216606498195,,,,,,,,,1.0,1.8050541516245489,3.0,5.415162454873646,1.0,1.8050541516245489,1.0,1.8050541516245489,,,,,,,,,,,,,,,,,,,,,,,,,,,,,,,,,,,,,,,,,,,,
de_wr_c1_21_11_13_sh,inter_paragraph_v2_true_boundaries,507,parser_full_text,1,1.9723865877712032,,,,,,,,,,,1.0,1.9723865877712032,,,,,,,,,,,,,1.0,1.9723865877712032,,,,,,,,,,,,,,,,,,,,,,,,,,,,,,,,,,,,
de_wr_c1_21_12_13_lj,inter_paragraph_v2_true_boundaries,505,parser_full_text,1,1.9801980198019802,1.0,1.9801980198019802,,,,,,,,,,,,,,,,,,,,,1.0,1.9801980198019802,,,,,,,,,,,,,,,,,,,,,,,,,,,,,,,,,,,,,,
de_wr_c1_21_12_14_mcn,inter_paragraph_v2_true_boundaries,589,parser_full_text,1,1.697792869269949,1.0,1.697792869269949,,,,,1.0,1.697792869269949,,,,,,,,,,,,,,,,,,,,,,,,,,,,,,,,,,,,,,,,,,,,,,,,,,,,,,
de_wr_c1_25_12_13_os,inter_paragraph_v2_true_boundaries,449,parser_full_text,4,8.908685968819599,2.0,4.4543429844097995,,,,,,,,,2.0,4.4543429844097995,,,,,,,2.0,4.4543429844097995,,,,,2.0,4.4543429844097995,,,,,,,,,,,,,,,,,,,,,,,,,,,,,,,,,,,,
de_wr_c1_27_21_13_aa,inter_paragraph_v2_true_boundaries,378,parser_full_text,1,2.6455026455026456,,,,,,,,,,,1.0,2.6455026455026456,,,1.0,2.6455026455026456,,,,,,,,,,,,,,,,,,,,,,,,,,,,,,,,,,,,,,,,,,,,,,
de_wr_c2_19_10_13_js,inter_paragraph_v2_true_boundaries,475,parser_full_text,1,2.1052631578947367,,,,,,,,,,,1.0,2.1052631578947367,,,,,,,,,,,,,1.0,2.1052631578947367,,,,,,,,,,,,,,,,,,,,,,,,,,,,,,,,,,,,
de_wr_c2_19_11_14_ae,inter_paragraph_v2_true_boundaries,902,parser_full_text,1,1.1086474501108647,1.0,1.1086474501108647,,,,,,,1.0,1.1086474501108647,,,,,,,,,,,,,,,,,,,,,,,,,,,,,,,,,,,,,,,,,,,,,,,,,,,,
de_wr_c2_20_12_14_lg,inter_paragraph_v2_true_boundaries,511,parser_full_text,2,3.9138943248532287,2.0,3.9138943248532287,,,1.0,1.9569471624266144,,,,,,,,,,,,,,,,,,,,,,,,,1.0,1.9569471624266144,,,,,,,,,,,,,,,,,,,,,,,,,,,,,,
de_wr_c2_21_12_14_mcs,inter_paragraph_v2_true_boundaries,484,parser_full_text,1,2.066115702479339,1.0,2.066115702479339,1.0,2.066115702479339,,,,,,,,,,,,,,,,,,,,,,,,,,,,,,,,,,,,,,,,,,,,,,,,,,,,,,,,,,
de_wr_c2_21_12_14_ml,inter_paragraph_v2_true_boundaries,590,parser_full_text,1,1.694915254237288,1.0,1.694915254237288,,,,,,,1.0,1.694915254237288,,,,,,,,,,,,,,,,,,,,,,,,,,,,,,,,,,,,,,,,,,,,,,,,,,,,
de_wr_c2_24_11_13_lh,inter_paragraph_v2_true_boundaries,600,parser_full_text,2,3.3333333333333335,,,,,,,,,,,2.0,3.3333333333333335,,,1.0,1.6666666666666667,,,,,,,,,1.0,1.6666666666666667,,,,,,,,,,,,,,,,,,,,,,,,,,,,,,,,,,,,
de_wr_c2_25_15_14_kcf,inter_paragraph_v2_true_boundaries,573,parser_full_text,4,6.980802792321117,2.0,3.4904013961605584,2.0,3.4904013961605584,,,,,,,1.0,1.7452006980802792,,,,,,,,,,,,,1.0,1.7452006980802792,1.0,1.7452006980802792,,,,,1.0,1.7452006980802792,,,,,,,,,,,,,,,,,,,,,,,,,,,,
de_wr_c2_41_8_13_na,inter_paragraph_v2_true_boundaries,419,parser_full_text,1,2.3866348448687353,1.0,2.3866348448687353,1.0,2.3866348448687353,,,,,,,,,,,,,,,,,,,,,,,,,,,,,,,,,,,,,,,,,,,,,,,,,,,,,,,,,,
es_wr_a1_13_5_13_jlmb,inter_paragraph_v2_true_boundaries,238,parser_full_text,1,4.201680672268908,1.0,4.201680672268908,,,,,,,,,,,1.0,4.201680672268908,,,,,,,,,,,,,,,,,,,,,,,,,,,,,,,,,,,,,,,,,,,,,,,,
es_wr_a1_15_10_13_aln,inter_paragraph_v2_true_boundaries,248,parser_full_text,1,4.032258064516129,,,,,,,,,,,1.0,4.032258064516129,,,1.0,4.032258064516129,,,,,,,,,,,,,,,,,,,,,,,,,,,,,,,,,,,,,,,,,,,,,,
es_wr_a1_16_10_13_esf,inter_paragraph_v2_true_boundaries,315,parser_full_text,1,3.1746031746031744,1.0,3.1746031746031744,,,,,,,,,,,,,,,,,,,,,1.0,3.1746031746031744,,,,,,,,,,,,,,,,,,,,,,,,,,,,,,,,,,,,,,
es_wr_a1_17_11_14_mps,inter_paragraph_v2_true_boundaries,414,parser_full_text,3,7.246376811594203,2.0,4.830917874396135,,,,,,,,,,,2.0,4.830917874396135,,,,,,,,,,,,,1.0,2.4154589371980677,1.0,2.4154589371980677,,,,,,,,,,,,,,,,,,,,,,,,,,,,,,,,
es_wr_a1_21_12_3_agg,inter_paragraph_v2_true_boundaries,303,parser_full_text,2,6.600660066006601,1.0,3.3003300330033003,,,,,,,,,,,1.0,3.3003300330033003,,,,,,,,,,,,,1.0,3.3003300330033003,1.0,3.3003300330033003,,,,,,,,,,,,,,,,,,,,,,,,,,,,,,,,
es_wr_a1_21_18_13_vaj,inter_paragraph_v2_true_boundaries,288,parser_full_text,1,3.472222222222222,1.0,3.472222222222222,,,,,,,,,,,,,,,,,1.0,3.472222222222222,,,,,,,,,,,,,,,,,,,,,,,,,,,,,,,,,,,,,,,,,,
es_wr_a1_22_11.5_14_fer,inter_paragraph_v2_true_boundaries,609,parser_full_text,2,3.284072249589491,1.0,1.6420361247947455,,,,,,,,,1.0,1.6420361247947455,,,,,,,1.0,1.6420361247947455,,,,,1.0,1.6420361247947455,,,,,,,,,,,,,,,,,,,,,,,,,,,,,,,,,,,,
es_wr_a1_22_12_14_rle,inter_paragraph_v2_true_boundaries,316,parser_full_text,4,12.658227848101266,2.0,6.329113924050633,,,,,,,,,1.0,3.1645569620253164,1.0,3.1645569620253164,1.0,3.1645569620253164,1.0,3.1645569620253164,,,,,,,,,1.0,3.1645569620253164,1.0,3.1645569620253164,,,,,,,,,,,,,,,,,,,,,,,,,,,,,,,,
es_wr_a1_22_17_14_lp,inter_paragraph_v2_true_boundaries,303,parser_full_text,1,3.3003300330033003,,,,,,,,,,,,,,,,,,,,,,,,,,,1.0,3.3003300330033003,1.0,3.3003300330033003,,,,,,,,,,,,,,,,,,,,,,,,,,,,,,,,
es_wr_a1_22_19_13_pcr,inter_paragraph_v2_true_boundaries,284,parser_full_text,1,3.5211267605633805,,,,,,,,,,,1.0,3.5211267605633805,,,,,,,,,,,,,1.0,3.5211267605633805,,,,,,,,,,,,,,,,,,,,,,,,,,,,,,,,,,,,
es_wr_a1_23_7_3_muf,inter_paragraph_v2_true_boundaries,292,parser_full_text,1,3.4246575342465753,1.0,3.4246575342465753,,,,,,,,,,,1.0,3.4246575342465753,,,,,,,,,,,,,,,,,,,,,,,,,,,,,,,,,,,,,,,,,,,,,,,,
es_wr_a1_26_13_3_nc,inter_paragraph_v2_true_boundaries,303,parser_full_text,1,3.3003300330033003,1.0,3.3003300330033003,1.0,3.3003300330033003,,,,,,,,,,,,,,,,,,,,,,,,,,,,,,,,,,,,,,,,,,,,,,,,,,,,,,,,,,
es_wr_a1_27_10_14_nr,inter_paragraph_v2_true_boundaries,280,parser_full_text,1,3.571428571428571,1.0,3.571428571428571,,,,,,,,,,,1.0,3.571428571428571,,,,,,,,,,,,,,,,,,,,,,,,,,,,,,,,,,,,,,,,,,,,,,,,
es_wr_a1_35_12_14_pgc,inter_paragraph_v2_true_boundaries,314,parser_full_text,1,3.1847133757961785,,,,,,,,,,,,,,,,,,,,,,,,,,,1.0,3.1847133757961785,1.0,3.1847133757961785,,,,,,,,,,,,,,,,,,,,,,,,,,,,,,,,
es_wr_a1_52_14_14_ihc,inter_paragraph_v2_true_boundaries,406,parser_full_text,2,4.926108374384237,,,,,,,,,,,1.0,2.4630541871921183,,,,,,,,,,,,,1.0,2.4630541871921183,1.0,2.4630541871921183,,,,,,,1.0,2.4630541871921183,,,,,,,,,,,,,,,,,,,,,,,,,,
es_wr_a1_60_7_14_jgm,inter_paragraph_v2_true_boundaries,372,parser_full_text,2,5.376344086021506,2.0,5.376344086021506,,,,,,,,,,,2.0,5.376344086021506,,,,,,,,,,,,,,,,,,,,,,,,,,,,,,,,,,,,,,,,,,,,,,,,
es_wr_a2_14_7_13_rgc,inter_paragraph_v2_true_boundaries,294,parser_full_text,2,6.802721088435374,1.0,3.401360544217687,,,,,,,,,,,1.0,3.401360544217687,,,,,,,,,,,,,1.0,3.401360544217687,1.0,3.401360544217687,,,,,,,,,,,,,,,,,,,,,,,,,,,,,,,,
es_wr_a2_15_12_13_bma,inter_paragraph_v2_true_boundaries,304,parser_full_text,1,3.289473684210526,1.0,3.289473684210526,,,,,,,,,,,,,,,,,,,,,1.0,3.289473684210526,,,,,,,,,,,,,,,,,,,,,,,,,,,,,,,,,,,,,,
es_wr_a2_16_8_13_rmo,inter_paragraph_v2_true_boundaries,328,parser_full_text,1,3.048780487804878,1.0,3.048780487804878,,,,,,,,,,,1.0,3.048780487804878,,,,,,,,,,,,,,,,,,,,,,,,,,,,,,,,,,,,,,,,,,,,,,,,
es_wr_a2_16_9_13_mya,inter_paragraph_v2_true_boundaries,305,parser_full_text,1,3.278688524590164,1.0,3.278688524590164,,,,,,,,,,,1.0,3.278688524590164,,,,,,,,,,,,,,,,,,,,,,,,,,,,,,,,,,,,,,,,,,,,,,,,
es_wr_a2_17_11_13_rcc,inter_paragraph_v2_true_boundaries,314,parser_full_text,1,3.1847133757961785,1.0,3.1847133757961785,,,,,,,,,,,,,,,,,,,,,1.0,3.1847133757961785,,,,,,,,,,,,,,,,,,,,,,,,,,,,,,,,,,,,,,
es_wr_a2_17_14_13_ehs,inter_paragraph_v2_true_boundaries,281,parser_full_text,1,3.558718861209964,,,,,,,,,,,1.0,3.558718861209964,,,,,,,,,,,,,1.0,3.558718861209964,,,,,,,,,,,,,,,,,,,,,,,,,,,,,,,,,,,,
es_wr_a2_17_9_13_fjqg,inter_paragraph_v2_true_boundaries,320,parser_full_text,1,3.125,,,,,,,,,,,,,,,,,,,,,,,,,,,1.0,3.125,1.0,3.125,,,,,,,,,,,,,,,,,,,,,,,,,,,,,,,,
es_wr_a2_18_11_13_alm,inter_paragraph_v2_true_boundaries,264,parser_full_text,1,3.787878787878788,1.0,3.787878787878788,,,,,,,,,,,1.0,3.787878787878788,,,,,,,,,,,,,,,,,,,,,,,,,,,,,,,,,,,,,,,,,,,,,,,,
es_wr_a2_18_13_3_dgm,inter_paragraph_v2_true_boundaries,377,parser_full_text,1,2.6525198938992043,1.0,2.6525198938992043,,,,,,,,,,,,,,,,,,,,,,,,,,,,,,,,,,,1.0,2.6525198938992043,,,,,,,,,,,,,,,,,,,,,,,,
es_wr_a2_18_14_13_mcds,inter_paragraph_v2_true_boundaries,377,parser_full_text,1,2.6525198938992043,1.0,2.6525198938992043,,,,,,,,,,,,,,,,,,,,,1.0,2.6525198938992043,,,,,,,,,,,,,,,,,,,,,,,,,,,,,,,,,,,,,,
es_wr_a2_18_14_3_acs,inter_paragraph_v2_true_boundaries,282,parser_full_text,1,3.5460992907801416,,,,,,,,,,,,,,,,,,,,,,,,,,,1.0,3.5460992907801416,1.0,3.5460992907801416,,,,,,,,,,,,,,,,,,,,,,,,,,,,,,,,
es_wr_a2_18_8_14_ezs,inter_paragraph_v2_true_boundaries,584,parser_full_text,1,1.7123287671232876,1.0,1.7123287671232876,,,,,,,,,,,1.0,1.7123287671232876,,,,,,,,,,,,,,,,,,,,,,,,,,,,,,,,,,,,,,,,,,,,,,,,
es_wr_a2_19_10_3_zzb,inter_paragraph_v2_true_boundaries,309,parser_full_text,2,6.472491909385114,1.0,3.236245954692557,,,,,,,,,,,1.0,3.236245954692557,,,,,,,,,,,,,1.0,3.236245954692557,1.0,3.236245954692557,,,,,,,,,,,,,,,,,,,,,,,,,,,,,,,,
es_wr_a2_19_11_14_reg,inter_paragraph_v2_true_boundaries,320,parser_full_text,1,3.125,1.0,3.125,,,,,,,,,,,1.0,3.125,,,,,,,,,,,,,,,,,,,,,,,,,,,,,,,,,,,,,,,,,,,,,,,,
es_wr_a2_19_11_3_crh,inter_paragraph_v2_true_boundaries,299,parser_full_text,1,3.3444816053511706,,,,,,,,,,,1.0,3.3444816053511706,,,,,,,,,,,,,1.0,3.3444816053511706,,,,,,,,,,,,,,,,,,,,,,,,,,,,,,,,,,,,
es_wr_a2_19_12_3_mst,inter_paragraph_v2_true_boundaries,309,parser_full_text,1,3.236245954692557,,,,,,,,,,,1.0,3.236245954692557,,,,,,,,,,,,,1.0,3.236245954692557,,,,,,,,,,,,,,,,,,,,,,,,,,,,,,,,,,,,
es_wr_a2_19_13_3_fho,inter_paragraph_v2_true_boundaries,291,parser_full_text,1,3.4364261168384878,,,,,,,,,,,,,,,,,,,,,,,,,,,1.0,3.4364261168384878,1.0,3.4364261168384878,,,,,,,,,,,,,,,,,,,,,,,,,,,,,,,,
es_wr_a2_19_14_14_idn,inter_paragraph_v2_true_boundaries,389,parser_full_text,1,2.5706940874035986,,,,,,,,,,,,,,,,,,,,,,,,,,,1.0,2.5706940874035986,1.0,2.5706940874035986,,,,,,,,,,,,,,,,,,,,,,,,,,,,,,,,
es_wr_a2_19_17_3_mpm,inter_paragraph_v2_true_boundaries,306,parser_full_text,1,3.2679738562091503,,,,,,,,,,,1.0,3.2679738562091503,,,,,,,,,,,,,1.0,3.2679738562091503,,,,,,,,,,,,,,,,,,,,,,,,,,,,,,,,,,,,
es_wr_a2_19_2_13_ero,inter_paragraph_v2_true_boundaries,368,parser_full_text,2,5.434782608695652,1.0,2.717391304347826,,,,,,,,,,,1.0,2.717391304347826,,,,,,,,,,,,,1.0,2.717391304347826,1.0,2.717391304347826,,,,,,,,,,,,,,,,,,,,,,,,,,,,,,,,
es_wr_a2_19_6_3_lpr,inter_paragraph_v2_true_boundaries,346,parser_full_text,2,5.780346820809248,1.0,2.890173410404624,,,,,,,,,,,1.0,2.890173410404624,,,,,,,,,,,,,1.0,2.890173410404624,1.0,2.890173410404624,,,,,,,,,,,,,,,,,,,,,,,,,,,,,,,,
es_wr_a2_19_7_3_pm,inter_paragraph_v2_true_boundaries,316,parser_full_text,2,6.329113924050633,1.0,3.1645569620253164,,,,,,,,,1.0,3.1645569620253164,1.0,3.1645569620253164,,,,,,,,,,,1.0,3.1645569620253164,,,,,,,,,,,,,,,,,,,,,,,,,,,,,,,,,,,,
es_wr_a2_20_12_14_acg,inter_paragraph_v2_true_boundaries,274,parser_full_text,1,3.6496350364963503,,,,,,,,,,,1.0,3.6496350364963503,,,,,,,,,,,,,1.0,3.6496350364963503,,,,,,,,,,,,,,,,,,,,,,,,,,,,,,,,,,,,
es_wr_a2_20_13_3_lar,inter_paragraph_v2_true_boundaries,298,parser_full_text,1,3.3557046979865772,,,,,,,,,,,,,,,,,,,,,,,,,,,1.0,3.3557046979865772,1.0,3.3557046979865772,,,,,,,,,,,,,,,,,,,,,,,,,,,,,,,,
es_wr_a2_20_14_3_mbd,inter_paragraph_v2_true_boundaries,369,parser_full_text,1,2.710027100271003,,,,,,,,,,,,,,,,,,,,,,,,,,,1.0,2.710027100271003,1.0,2.710027100271003,,,,,,,,,,,,,,,,,,,,,,,,,,,,,,,,
es_wr_a2_20_15_14_lcr,inter_paragraph_v2_true_boundaries,350,parser_full_text,2,5.714285714285714,1.0,2.857142857142857,,,,,,,,,,,1.0,2.857142857142857,,,,,,,,,,,,,1.0,2.857142857142857,1.0,2.857142857142857,,,,,,,,,,,,,,,,,,,,,,,,,,,,,,,,
es_wr_a2_20_15_3_imc,inter_paragraph_v2_true_boundaries,282,parser_full_text,1,3.5460992907801416,,,,,,,,,,,,,,,,,,,,,,,,,,,1.0,3.5460992907801416,1.0,3.5460992907801416,,,,,,,,,,,,,,,,,,,,,,,,,,,,,,,,
es_wr_a2_20_17_14_avm,inter_paragraph_v2_true_boundaries,289,parser_full_text,1,3.4602076124567476,,,,,,,,,,,1.0,3.4602076124567476,,,,,,,,,,,,,1.0,3.4602076124567476,,,,,,,,,,,,,,,,,,,,,,,,,,,,,,,,,,,,
es_wr_a2_20_17_14_lgg,inter_paragraph_v2_true_boundaries,280,parser_full_text,1,3.571428571428571,,,,,,,,,,,1.0,3.571428571428571,,,,,,,,,,,,,1.0,3.571428571428571,,,,,,,,,,,,,,,,,,,,,,,,,,,,,,,,,,,,
es_wr_a2_20_3_3_shp,inter_paragraph_v2_true_boundaries,396,parser_full_text,1,2.5252525252525255,1.0,2.5252525252525255,1.0,2.5252525252525255,,,,,,,,,,,,,,,,,,,,,,,,,,,,,,,,,,,,,,,,,,,,,,,,,,,,,,,,,,
es_wr_a2_20_4_14_lcg,inter_paragraph_v2_true_boundaries,518,parser_full_text,2,3.8610038610038613,2.0,3.8610038610038613,,,,,,,,,,,,,,,,,1.0,1.9305019305019306,,,,,,,,,,,,,,,,,,,1.0,1.9305019305019306,,,,,,,,,,,,,,,,,,,,,,
es_wr_a2_20_7_14_cb,inter_paragraph_v2_true_boundaries,463,parser_full_text,1,2.1598272138228944,,,,,,,,,,,1.0,2.1598272138228944,,,1.0,2.1598272138228944,,,,,,,,,,,,,,,,,,,,,,,,,,,,,,,,,,,,,,,,,,,,,,
es_wr_a2_21_10_13_mdcbl,inter_paragraph_v2_true_boundaries,347,parser_full_text,1,2.881844380403458,,,,,,,,,,,,,,,,,,,,,,,,,,,1.0,2.881844380403458,1.0,2.881844380403458,,,,,,,,,,,,,,,,,,,,,,,,,,,,,,,,
es_wr_a2_21_15_13_etg,inter_paragraph_v2_true_boundaries,375,parser_full_text,1,2.6666666666666665,,,,,,,,,,,,,,,,,,,,,,,,,,,1.0,2.6666666666666665,1.0,2.6666666666666665,,,,,,,,,,,,,,,,,,,,,,,,,,,,,,,,
es_wr_a2_21_16_3_lll,inter_paragraph_v2_true_boundaries,431,parser_full_text,1,2.320185614849188,,,,,,,,,,,,,,,,,,,,,,,,,,,1.0,2.320185614849188,1.0,2.320185614849188,,,,,,,,,,,,,,,,,,,,,,,,,,,,,,,,
es_wr_a2_21_18_3_emap,inter_paragraph_v2_true_boundaries,330,parser_full_text,1,3.0303030303030303,,,,,,,,,,,,,,,,,,,,,,,,,,,1.0,3.0303030303030303,1.0,3.0303030303030303,,,,,,,,,,,,,,,,,,,,,,,,,,,,,,,,
es_wr_a2_21_18_3_rmp,inter_paragraph_v2_true_boundaries,287,parser_full_text,3,10.452961672473869,2.0,6.968641114982578,,,,,,,,,1.0,3.484320557491289,2.0,6.968641114982578,1.0,3.484320557491289,,,,,,,,,,,,,,,,,,,,,,,,,,,,,,,,,,,,,,,,,,,,,,
es_wr_a2_21_9_3_mcc,inter_paragraph_v2_true_boundaries,347,parser_full_text,2,5.763688760806916,1.0,2.881844380403458,1.0,2.881844380403458,,,,,,,1.0,2.881844380403458,,,,,,,,,,,,,1.0,2.881844380403458,,,,,,,,,,,,,,,,,,,,,,,,,,,,,,,,,,,,
es_wr_a2_22_10_14_smc,inter_paragraph_v2_true_boundaries,375,parser_full_text,2,5.333333333333333,2.0,5.333333333333333,,,,,,,,,,,2.0,5.333333333333333,,,,,,,,,,,,,,,,,,,,,,,,,,,,,,,,,,,,,,,,,,,,,,,,
es_wr_a2_22_15_13_rmv,inter_paragraph_v2_true_boundaries,419,parser_full_text,3,7.159904534606206,3.0,7.159904534606206,,,,,,,,,,,2.0,4.773269689737471,,,,,1.0,2.3866348448687353,,,,,,,,,,,,,,,,,,,,,,,,,,,,,,,,,,,,,,,,,,
es_wr_a2_23_10_3_arh,inter_paragraph_v2_true_boundaries,350,parser_full_text,1,2.857142857142857,,,,,,,,,,,,,,,,,,,,,,,,,,,1.0,2.857142857142857,1.0,2.857142857142857,,,,,,,,,,,,,,,,,,,,,,,,,,,,,,,,
es_wr_a2_23_4_14_b,inter_paragraph_v2_true_boundaries,385,parser_full_text,3,7.792207792207792,2.0,5.194805194805195,,,,,,,,,1.0,2.5974025974025974,1.0,2.5974025974025974,,,,,1.0,2.5974025974025974,,,,,1.0,2.5974025974025974,,,,,,,,,,,,,,,,,,,,,,,,,,,,,,,,,,,,
es_wr_a2_23_8_3_mah,inter_paragraph_v2_true_boundaries,309,parser_full_text,1,3.236245954692557,,,,,,,,,,,,,,,,,,,,,,,,,,,1.0,3.236245954692557,1.0,3.236245954692557,,,,,,,,,,,,,,,,,,,,,,,,,,,,,,,,
es_wr_a2_24_10_3_cdr,inter_paragraph_v2_true_boundaries,435,parser_full_text,1,2.2988505747126435,1.0,2.2988505747126435,1.0,2.2988505747126435,,,,,,,,,,,,,,,,,,,,,,,,,,,,,,,,,,,,,,,,,,,,,,,,,,,,,,,,,,
es_wr_a2_24_10_3_ctc,inter_paragraph_v2_true_boundaries,286,parser_full_text,1,3.4965034965034967,,,,,,,,,,,,,,,,,,,,,,,,,,,1.0,3.4965034965034967,1.0,3.4965034965034967,,,,,,,,,,,,,,,,,,,,,,,,,,,,,,,,
es_wr_a2_25_11_3_bb,inter_paragraph_v2_true_boundaries,332,parser_full_text,1,3.0120481927710845,1.0,3.0120481927710845,,,,,,,,,,,1.0,3.0120481927710845,,,,,,,,,,,,,,,,,,,,,,,,,,,,,,,,,,,,,,,,,,,,,,,,
es_wr_a2_25_1_14_ag,inter_paragraph_v2_true_boundaries,277,parser_full_text,4,14.44043321299639,2.0,7.220216606498195,,,,,,,,,1.0,3.6101083032490977,2.0,7.220216606498195,1.0,3.6101083032490977,,,,,,,,,,,1.0,3.6101083032490977,1.0,3.6101083032490977,,,,,,,,,,,,,,,,,,,,,,,,,,,,,,,,
es_wr_a2_25_1_14_agm,inter_paragraph_v2_true_boundaries,282,parser_full_text,4,14.184397163120567,2.0,7.092198581560283,,,,,,,,,1.0,3.5460992907801416,2.0,7.092198581560283,1.0,3.5460992907801416,,,,,,,,,,,1.0,3.5460992907801416,1.0,3.5460992907801416,,,,,,,,,,,,,,,,,,,,,,,,,,,,,,,,
es_wr_a2_26_10_14_isj,inter_paragraph_v2_true_boundaries,279,parser_full_text,2,7.168458781362007,2.0,7.168458781362007,1.0,3.5842293906810037,,,,,,,,,1.0,3.5842293906810037,,,,,,,,,,,,,,,,,,,,,,,,,,,,,,,,,,,,,,,,,,,,,,,,
es_wr_a2_26_10_14_jp,inter_paragraph_v2_true_boundaries,519,parser_full_text,1,1.9267822736030829,,,,,,,,,,,,,,,,,,,,,,,,,,,1.0,1.9267822736030829,1.0,1.9267822736030829,,,,,,,,,,,,,,,,,,,,,,,,,,,,,,,,
es_wr_a2_26_10_3_emam,inter_paragraph_v2_true_boundaries,285,parser_full_text,1,3.5087719298245617,1.0,3.5087719298245617,,,,,,,,,,,1.0,3.5087719298245617,,,,,,,,,,,,,,,,,,,,,,,,,,,,,,,,,,,,,,,,,,,,,,,,
es_wr_a2_26_15_3_prp,inter_paragraph_v2_true_boundaries,303,parser_full_text,2,6.600660066006601,,,,,,,,,,,1.0,3.3003300330033003,,,,,,,,,,,,,1.0,3.3003300330033003,1.0,3.3003300330033003,1.0,3.3003300330033003,,,,,,,,,,,,,,,,,,,,,,,,,,,,,,,,
es_wr_a2_30_24_3_imla,inter_paragraph_v2_true_boundaries,281,parser_full_text,1,3.558718861209964,,,,,,,,,,,,,,,,,,,,,,,,,,,1.0,3.558718861209964,1.0,3.558718861209964,,,,,,,,,,,,,,,,,,,,,,,,,,,,,,,,
es_wr_a2_33_1_3_abg,inter_paragraph_v2_true_boundaries,377,parser_full_text,1,2.6525198938992043,,,,,,,,,,,1.0,2.6525198938992043,,,1.0,2.6525198938992043,,,,,,,,,,,,,,,,,,,,,,,,,,,,,,,,,,,,,,,,,,,,,,
es_wr_a2_33_9_3_avg,inter_paragraph_v2_true_boundaries,270,parser_full_text,1,3.7037037037037037,,,,,,,,,,,,,,,,,,,,,,,,,,,1.0,3.7037037037037037,1.0,3.7037037037037037,,,,,,,,,,,,,,,,,,,,,,,,,,,,,,,,
es_wr_a2_35_28_3_trc,inter_paragraph_v2_true_boundaries,303,parser_full_text,1,3.3003300330033003,,,,,,,,,,,1.0,3.3003300330033003,,,1.0,3.3003300330033003,,,,,,,,,,,,,,,,,,,,,,,,,,,,,,,,,,,,,,,,,,,,,,
es_wr_a2_37_3_14_bes,inter_paragraph_v2_true_boundaries,433,parser_full_text,1,2.3094688221709005,,,,,,,,,,,1.0,2.3094688221709005,,,,,,,,,,,,,1.0,2.3094688221709005,,,,,,,,,,,,,,,,,,,,,,,,,,,,,,,,,,,,
es_wr_a2_48_7_14_mg,inter_paragraph_v2_true_boundaries,411,parser_full_text,3,7.299270072992701,2.0,4.866180048661801,,,1.0,2.4330900243309004,,,,,1.0,2.4330900243309004,1.0,2.4330900243309004,,,,,,,,,,,1.0,2.4330900243309004,,,,,,,,,,,,,,,,,,,,,,,,,,,,,,,,,,,,
es_wr_a2_59_unknown_14_mab,inter_paragraph_v2_true_boundaries,428,parser_full_text,1,2.336448598130841,1.0,2.336448598130841,,,,,,,,,,,1.0,2.336448598130841,,,,,,,,,,,,,,,,,,,,,,,,,,,,,,,,,,,,,,,,,,,,,,,,
es_wr_a2_60_5_3_iapl,inter_paragraph_v2_true_boundaries,337,parser_full_text,1,2.967359050445104,,,,,,,,,,,1.0,2.967359050445104,,,,,,,,,,,,,1.0,2.967359050445104,,,,,,,,,,,,,,,,,,,,,,,,,,,,,,,,,,,,
es_wr_a2_62_40_14_jrg,inter_paragraph_v2_true_boundaries,352,parser_full_text,1,2.840909090909091,1.0,2.840909090909091,,,,,,,,,,,1.0,2.840909090909091,,,,,,,,,,,,,,,,,,,,,,,,,,,,,,,,,,,,,,,,,,,,,,,,
es_wr_b1_15_11_13_spa,inter_paragraph_v2_true_boundaries,341,parser_full_text,3,8.797653958944283,3.0,8.797653958944283,,,,,,,,,,,1.0,2.932551319648094,,,,,,,,,2.0,5.865102639296188,,,,,,,,,,,,,,,,,,,,,,,,,,,,,,,,,,,,,,
es_wr_b1_15_9_13_eag,inter_paragraph_v2_true_boundaries,383,parser_full_text,1,2.6109660574412534,1.0,2.6109660574412534,,,,,,,,,,,1.0,2.6109660574412534,,,,,,,,,,,,,,,,,,,,,,,,,,,,,,,,,,,,,,,,,,,,,,,,
es_wr_b1_17_11_3_psr,inter_paragraph_v2_true_boundaries,561,parser_full_text,2,3.5650623885918002,,,,,,,,,,,1.0,1.7825311942959001,,,,,,,,,,,,,1.0,1.7825311942959001,1.0,1.7825311942959001,1.0,1.7825311942959001,,,,,,,,,,,,,,,,,,,,,,,,,,,,,,,,
es_wr_b1_18_10_14_jagv,inter_paragraph_v2_true_boundaries,319,parser_full_text,2,6.269592476489028,2.0,6.269592476489028,1.0,3.134796238244514,,,,,,,,,1.0,3.134796238244514,,,,,,,,,,,,,,,,,,,,,,,,,,,,,,,,,,,,,,,,,,,,,,,,
es_wr_b1_18_10_3_jclm,inter_paragraph_v2_true_boundaries,342,parser_full_text,1,2.923976608187134,,,,,,,,,,,1.0,2.923976608187134,,,,,,,,,,,,,1.0,2.923976608187134,,,,,,,,,,,,,,,,,,,,,,,,,,,,,,,,,,,,
es_wr_b1_18_12_13_mtr,inter_paragraph_v2_true_boundaries,454,parser_full_text,1,2.2026431718061676,,,,,,,,,,,1.0,2.2026431718061676,,,,,,,,,,,,,1.0,2.2026431718061676,,,,,,,,,,,,,,,,,,,,,,,,,,,,,,,,,,,,
es_wr_b1_18_12_14_ijq,inter_paragraph_v2_true_boundaries,413,parser_full_text,1,2.4213075060532687,1.0,2.4213075060532687,,,,,1.0,2.4213075060532687,,,,,,,,,,,,,,,,,,,,,,,,,,,,,,,,,,,,,,,,,,,,,,,,,,,,,,
es_wr_b1_18_13_14_cgg,inter_paragraph_v2_true_boundaries,279,parser_full_text,1,3.5842293906810037,1.0,3.5842293906810037,,,,,,,,,,,1.0,3.5842293906810037,,,,,,,,,,,,,,,,,,,,,,,,,,,,,,,,,,,,,,,,,,,,,,,,
es_wr_b1_18_13_3_acd,inter_paragraph_v2_true_boundaries,395,parser_full_text,1,2.5316455696202533,1.0,2.5316455696202533,,,,,,,,,,,,,,,,,,,,,,,,,,,,,,,,,,,,,,,1.0,2.5316455696202533,,,,,,,,,,,,,,,,,,,,
es_wr_b1_18_13_3_lcf,inter_paragraph_v2_true_boundaries,388,parser_full_text,1,2.577319587628866,1.0,2.577319587628866,,,,,,,,,,,1.0,2.577319587628866,,,,,,,,,,,,,,,,,,,,,,,,,,,,,,,,,,,,,,,,,,,,,,,,
es_wr_b1_18_14_13_sba,inter_paragraph_v2_true_boundaries,355,parser_full_text,1,2.8169014084507045,,,,,,,,,,,,,,,,,,,,,,,,,,,1.0,2.8169014084507045,1.0,2.8169014084507045,,,,,,,,,,,,,,,,,,,,,,,,,,,,,,,,
es_wr_b1_18_14_14_arf,inter_paragraph_v2_true_boundaries,475,parser_full_text,2,4.2105263157894735,1.0,2.1052631578947367,,,,,,,,,,,1.0,2.1052631578947367,,,,,,,,,,,,,1.0,2.1052631578947367,1.0,2.1052631578947367,,,,,,,,,,,,,,,,,,,,,,,,,,,,,,,,
es_wr_b1_18_14_3_lrr,inter_paragraph_v2_true_boundaries,332,parser_full_text,1,3.0120481927710845,1.0,3.0120481927710845,,,,,,,,,,,,,,,,,,,,,,,,,,,,,,,,,,,,,,,,,1.0,3.0120481927710845,,,,,,,,,,,,,,,,,,
es_wr_b1_18_15_3_alc,inter_paragraph_v2_true_boundaries,393,parser_full_text,1,2.544529262086514,1.0,2.544529262086514,,,,,,,,,,,,,,,,,,,,,,,,,,,,,,,,,,,,,,,1.0,2.544529262086514,,,,,,,,,,,,,,,,,,,,
es_wr_b1_18_15_3_ccv,inter_paragraph_v2_true_boundaries,340,parser_full_text,2,5.88235294117647,1.0,2.941176470588235,,,,,,,,,,,1.0,2.941176470588235,,,,,,,,,,,,,1.0,2.941176470588235,1.0,2.941176470588235,,,,,,,,,,,,,,,,,,,,,,,,,,,,,,,,
es_wr_b1_18_15_3_lrr,inter_paragraph_v2_true_boundaries,382,parser_full_text,1,2.617801047120419,,,,,,,,,,,1.0,2.617801047120419,,,1.0,2.617801047120419,,,,,,,,,,,,,,,,,,,,,,,,,,,,,,,,,,,,,,,,,,,,,,
es_wr_b1_18_15_3_mrv,inter_paragraph_v2_true_boundaries,430,parser_full_text,2,4.651162790697675,1.0,2.3255813953488373,,,,,,,,,,,,,,,,,1.0,2.3255813953488373,,,,,,,1.0,2.3255813953488373,1.0,2.3255813953488373,,,,,,,,,,,,,,,,,,,,,,,,,,,,,,,,
es_wr_b1_18_6_3_asm,inter_paragraph_v2_true_boundaries,317,parser_full_text,1,3.1545741324921135,,,,,,,,,,,,,,,,,,,,,,,,,,,1.0,3.1545741324921135,1.0,3.1545741324921135,,,,,,,,,,,,,,,,,,,,,,,,,,,,,,,,
es_wr_b1_19_10_14_mro,inter_paragraph_v2_true_boundaries,614,parser_full_text,1,1.6286644951140066,1.0,1.6286644951140066,,,,,,,,,,,,,,,,,,,,,,,,,,,,,,,,,,,,,,,,,,,1.0,1.6286644951140066,,,,,,,,,,,,,,,,
es_wr_b1_19_11_13_ecl,inter_paragraph_v2_true_boundaries,333,parser_full_text,2,6.006006006006006,2.0,6.006006006006006,,,,,,,,,,,2.0,6.006006006006006,,,,,,,,,,,,,,,,,,,,,,,,,,,,,,,,,,,,,,,,,,,,,,,,
es_wr_b1_19_11_13_irs,inter_paragraph_v2_true_boundaries,273,parser_full_text,1,3.663003663003663,1.0,3.663003663003663,,,,,,,,,,,1.0,3.663003663003663,,,,,,,,,,,,,,,,,,,,,,,,,,,,,,,,,,,,,,,,,,,,,,,,
es_wr_b1_19_13_13_mph,inter_paragraph_v2_true_boundaries,388,parser_full_text,1,2.577319587628866,1.0,2.577319587628866,,,,,,,,,,,,,,,,,,,,,1.0,2.577319587628866,,,,,,,,,,,,,,,,,,,,,,,,,,,,,,,,,,,,,,
es_wr_b1_19_13_14_am,inter_paragraph_v2_true_boundaries,348,parser_full_text,1,2.8735632183908044,1.0,2.8735632183908044,,,,,,,,,,,1.0,2.8735632183908044,,,,,,,,,,,,,,,,,,,,,,,,,,,,,,,,,,,,,,,,,,,,,,,,
es_wr_b1_19_13_3_cbr,inter_paragraph_v2_true_boundaries,297,parser_full_text,2,6.7340067340067336,1.0,3.3670033670033668,,,,,,,,,1.0,3.3670033670033668,,,,,,,1.0,3.3670033670033668,,,,,1.0,3.3670033670033668,,,,,,,,,,,,,,,,,,,,,,,,,,,,,,,,,,,,
es_wr_b1_19_13_3_ic,inter_paragraph_v2_true_boundaries,492,parser_full_text,1,2.032520325203252,,,,,,,,,,,,,,,,,,,,,,,,,,,1.0,2.032520325203252,1.0,2.032520325203252,,,,,,,,,,,,,,,,,,,,,,,,,,,,,,,,
es_wr_b1_19_13_3_rgb,inter_paragraph_v2_true_boundaries,314,parser_full_text,1,3.1847133757961785,,,,,,,,,,,,,,,,,,,,,,,,,,,1.0,3.1847133757961785,1.0,3.1847133757961785,,,,,,,,,,,,,,,,,,,,,,,,,,,,,,,,
es_wr_b1_19_14_14_lrs,inter_paragraph_v2_true_boundaries,339,parser_full_text,1,2.949852507374631,,,,,,,,,,,,,,,,,,,,,,,,,,,1.0,2.949852507374631,1.0,2.949852507374631,,,,,,,,,,,,,,,,,,,,,,,,,,,,,,,,
es_wr_b1_19_14_3_cpl,inter_paragraph_v2_true_boundaries,295,parser_full_text,1,3.389830508474576,1.0,3.389830508474576,,,,,,,,,,,,,,,,,1.0,3.389830508474576,,,,,,,,,,,,,,,,,,,,,,,,,,,,,,,,,,,,,,,,,,
es_wr_b1_19_15_3_ahp,inter_paragraph_v2_true_boundaries,367,parser_full_text,1,2.7247956403269753,,,,,,,,,,,,,,,,,,,,,,,,,,,1.0,2.7247956403269753,1.0,2.7247956403269753,,,,,,,,,,,,,,,,,,,,,,,,,,,,,,,,
es_wr_b1_19_15_3_lsm,inter_paragraph_v2_true_boundaries,392,parser_full_text,1,2.5510204081632653,1.0,2.5510204081632653,,,,,,,,,,,,,,,,,,,,,1.0,2.5510204081632653,,,,,,,,,,,,,,,,,,,,,,,,,,,,,,,,,,,,,,
es_wr_b1_19_15_3_r,inter_paragraph_v2_true_boundaries,313,parser_full_text,2,6.3897763578274756,1.0,3.1948881789137378,,,,,,,,,1.0,3.1948881789137378,,,,,,,,,,,,,1.0,3.1948881789137378,,,,,,,,,,,,,,,,,,,,,1.0,3.1948881789137378,,,,,,,,,,,,,,
es_wr_b1_19_16_3_apc,inter_paragraph_v2_true_boundaries,515,parser_full_text,2,3.883495145631068,1.0,1.941747572815534,,,,,,,,,1.0,1.941747572815534,1.0,1.941747572815534,,,,,,,,,,,1.0,1.941747572815534,,,,,,,,,,,,,,,,,,,,,,,,,,,,,,,,,,,,
es_wr_b1_20_10_13_ibf,inter_paragraph_v2_true_boundaries,317,parser_full_text,1,3.1545741324921135,,,,,,,,,,,,,,,,,,,,,,,,,,,1.0,3.1545741324921135,1.0,3.1545741324921135,,,,,,,,,,,,,,,,,,,,,,,,,,,,,,,,
es_wr_b1_20_12_3_sos,inter_paragraph_v2_true_boundaries,411,parser_full_text,1,2.4330900243309004,1.0,2.4330900243309004,,,,,,,,,,,1.0,2.4330900243309004,,,,,,,,,,,,,,,,,,,,,,,,,,,,,,,,,,,,,,,,,,,,,,,,
es_wr_b1_20_14_13_npg,inter_paragraph_v2_true_boundaries,369,parser_full_text,2,5.420054200542006,1.0,2.710027100271003,,,,,,,,,1.0,2.710027100271003,,,1.0,2.710027100271003,,,,,,,1.0,2.710027100271003,,,,,,,,,,,,,,,,,,,,,,,,,,,,,,,,,,,,,,
es_wr_b1_20_14_14_asr,inter_paragraph_v2_true_boundaries,394,parser_full_text,1,2.5380710659898473,1.0,2.5380710659898473,,,,,1.0,2.5380710659898473,,,,,,,,,,,,,,,,,,,,,,,,,,,,,,,,,,,,,,,,,,,,,,,,,,,,,,
es_wr_b1_20_14_14_fmj,inter_paragraph_v2_true_boundaries,432,parser_full_text,5,11.574074074074073,4.0,9.25925925925926,,,1.0,2.314814814814815,,,,,,,2.0,4.62962962962963,,,,,1.0,2.314814814814815,,,,,,,1.0,2.314814814814815,1.0,2.314814814814815,,,,,,,,,,,,,,,,,,,,,,,,,,,,,,,,
es_wr_b1_20_15_3_pmr,inter_paragraph_v2_true_boundaries,462,parser_full_text,1,2.1645021645021645,,,,,,,,,,,,,,,,,,,,,,,,,,,1.0,2.1645021645021645,1.0,2.1645021645021645,,,,,,,,,,,,,,,,,,,,,,,,,,,,,,,,
es_wr_b1_20_17_14_agm,inter_paragraph_v2_true_boundaries,349,parser_full_text,1,2.865329512893983,,,,,,,,,,,,,,,,,,,,,,,,,,,1.0,2.865329512893983,1.0,2.865329512893983,,,,,,,,,,,,,,,,,,,,,,,,,,,,,,,,
es_wr_b1_21_13_13_moc,inter_paragraph_v2_true_boundaries,410,parser_full_text,1,2.4390243902439024,,,,,,,,,,,1.0,2.4390243902439024,,,,,,,,,,,,,1.0,2.4390243902439024,,,,,,,,,,,,,,,,,,,,,,,,,,,,,,,,,,,,
es_wr_b1_21_13_13_pjl,inter_paragraph_v2_true_boundaries,304,parser_full_text,1,3.289473684210526,,,,,,,,,,,,,,,,,,,,,,,,,,,1.0,3.289473684210526,1.0,3.289473684210526,,,,,,,,,,,,,,,,,,,,,,,,,,,,,,,,
es_wr_b1_21_13_14_apt,inter_paragraph_v2_true_boundaries,410,parser_full_text,1,2.4390243902439024,1.0,2.4390243902439024,,,,,,,,,,,1.0,2.4390243902439024,,,,,,,,,,,,,,,,,,,,,,,,,,,,,,,,,,,,,,,,,,,,,,,,
es_wr_b1_21_15_3_bsm,inter_paragraph_v2_true_boundaries,650,parser_full_text,1,1.5384615384615385,,,,,,,,,,,,,,,,,,,,,,,,,,,1.0,1.5384615384615385,,,,,,,,,,,,,,,,,,,,,1.0,1.5384615384615385,,,,,,,,,,,,
es_wr_b1_21_15_3_spdlh,inter_paragraph_v2_true_boundaries,368,parser_full_text,1,2.717391304347826,1.0,2.717391304347826,,,,,,,,,,,,,,,,,,,,,,,,,,,,,,,,,,,,,,,,,,,,,1.0,2.717391304347826,,,,,,,,,,,,,,
es_wr_b1_21_16_3_cmg,inter_paragraph_v2_true_boundaries,259,parser_full_text,1,3.8610038610038613,,,,,,,,,,,1.0,3.8610038610038613,,,,,,,,,,,,,1.0,3.8610038610038613,,,,,,,,,,,,,,,,,,,,,,,,,,,,,,,,,,,,
es_wr_b1_21_16_3_cvm,inter_paragraph_v2_true_boundaries,382,parser_full_text,1,2.617801047120419,,,,,,,,,,,,,,,,,,,,,,,,,,,1.0,2.617801047120419,1.0,2.617801047120419,,,,,,,,,,,,,,,,,,,,,,,,,,,,,,,,
es_wr_b1_21_16_3_mdm,inter_paragraph_v2_true_boundaries,430,parser_full_text,1,2.3255813953488373,,,,,,,,,,,,,,,,,,,,,,,,,,,1.0,2.3255813953488373,1.0,2.3255813953488373,,,,,,,,,,,,,,,,,,,,,,,,,,,,,,,,
es_wr_b1_21_16_3_mnl,inter_paragraph_v2_true_boundaries,334,parser_full_text,1,2.9940119760479043,1.0,2.9940119760479043,,,,,,,,,,,,,,,,,1.0,2.9940119760479043,,,,,,,,,,,,,,,,,,,,,,,,,,,,,,,,,,,,,,,,,,
es_wr_b1_21_17_13_al,inter_paragraph_v2_true_boundaries,392,parser_full_text,1,2.5510204081632653,,,,,,,,,,,,,,,,,,,,,,,,,,,1.0,2.5510204081632653,1.0,2.5510204081632653,,,,,,,,,,,,,,,,,,,,,,,,,,,,,,,,
es_wr_b1_21_17_3_art,inter_paragraph_v2_true_boundaries,605,parser_full_text,1,1.6528925619834711,,,,,,,,,,,,,,,,,,,,,,,,,,,1.0,1.6528925619834711,,,,,,,1.0,1.6528925619834711,,,,,,,,,,,,,,,,,,,,,,,,,,
es_wr_b1_21_18_14_pjl,inter_paragraph_v2_true_boundaries,335,parser_full_text,1,2.985074626865672,,,,,,,,,,,,,,,,,,,,,,,,,,,1.0,2.985074626865672,1.0,2.985074626865672,,,,,,,,,,,,,,,,,,,,,,,,,,,,,,,,
es_wr_b1_21_6_3_arr,inter_paragraph_v2_true_boundaries,328,parser_full_text,1,3.048780487804878,,,,,,,,,,,1.0,3.048780487804878,,,,,,,,,,,,,1.0,3.048780487804878,,,,,,,,,,,,,,,,,,,,,,,,,,,,,,,,,,,,
es_wr_b1_21_6_3_lgr,inter_paragraph_v2_true_boundaries,401,parser_full_text,1,2.493765586034913,1.0,2.493765586034913,,,,,,,,,,,,,,,,,,,,,,,,,,,,,,,,,,,1.0,2.493765586034913,,,,,,,,,,,,,,,,,,,,,,,,
es_wr_b1_22_16_14_agg,inter_paragraph_v2_true_boundaries,432,parser_full_text,1,2.314814814814815,1.0,2.314814814814815,,,,,,,,,,,1.0,2.314814814814815,,,,,,,,,,,,,,,,,,,,,,,,,,,,,,,,,,,,,,,,,,,,,,,,
es_wr_b1_22_16_3_jaa,inter_paragraph_v2_true_boundaries,304,parser_full_text,2,6.578947368421052,,,,,,,,,,,1.0,3.289473684210526,,,,,,,,,,,,,1.0,3.289473684210526,1.0,3.289473684210526,1.0,3.289473684210526,,,,,,,,,,,,,,,,,,,,,,,,,,,,,,,,
es_wr_b1_22_16_3_vpj,inter_paragraph_v2_true_boundaries,526,parser_full_text,4,7.604562737642586,2.0,3.802281368821293,,,,,,,,,1.0,1.9011406844106464,2.0,3.802281368821293,,,,,,,,,,,1.0,1.9011406844106464,1.0,1.9011406844106464,1.0,1.9011406844106464,,,,,,,,,,,,,,,,,,,,,,,,,,,,,,,,
es_wr_b1_22_17_13_jla,inter_paragraph_v2_true_boundaries,323,parser_full_text,1,3.0959752321981426,,,,,,,,,,,,,,,,,,,,,,,,,,,1.0,3.0959752321981426,1.0,3.0959752321981426,,,,,,,,,,,,,,,,,,,,,,,,,,,,,,,,
es_wr_b1_23_11_13_elc,inter_paragraph_v2_true_boundaries,345,parser_full_text,1,2.898550724637681,,,,,,,,,,,,,,,,,,,,,,,,,,,1.0,2.898550724637681,1.0,2.898550724637681,,,,,,,,,,,,,,,,,,,,,,,,,,,,,,,,
es_wr_b1_23_11_3_plt,inter_paragraph_v2_true_boundaries,275,parser_full_text,1,3.6363636363636362,,,,,,,,,,,1.0,3.6363636363636362,,,,,,,,,,,,,1.0,3.6363636363636362,,,,,,,,,,,,,,,,,,,,,,,,,,,,,,,,,,,,
es_wr_b1_23_17_13_ap,inter_paragraph_v2_true_boundaries,429,parser_full_text,3,6.993006993006993,3.0,6.993006993006993,1.0,2.331002331002331,,,1.0,2.331002331002331,,,,,1.0,2.331002331002331,,,,,,,,,,,,,,,,,,,,,,,,,,,,,,,,,,,,,,,,,,,,,,,,
es_wr_b1_23_17_3_cip,inter_paragraph_v2_true_boundaries,391,parser_full_text,1,2.557544757033248,1.0,2.557544757033248,,,,,,,,,,,1.0,2.557544757033248,,,,,,,,,,,,,,,,,,,,,,,,,,,,,,,,,,,,,,,,,,,,,,,,
es_wr_b1_24_18_14_gb,inter_paragraph_v2_true_boundaries,348,parser_full_text,2,5.747126436781609,2.0,5.747126436781609,,,,,,,,,,,2.0,5.747126436781609,,,,,,,,,,,,,,,,,,,,,,,,,,,,,,,,,,,,,,,,,,,,,,,,
es_wr_b1_24_1_3_eh,inter_paragraph_v2_true_boundaries,288,parser_full_text,1,3.472222222222222,,,,,,,,,,,,,,,,,,,,,,,,,,,1.0,3.472222222222222,,,,,1.0,3.472222222222222,,,,,,,,,,,,,,,,,,,,,,,,,,,,
es_wr_b1_25_10_3_amrh,inter_paragraph_v2_true_boundaries,300,parser_full_text,1,3.3333333333333335,,,,,,,,,,,1.0,3.3333333333333335,,,,,,,,,,,,,1.0,3.3333333333333335,,,,,,,,,,,,,,,,,,,,,,,,,,,,,,,,,,,,
es_wr_b1_25_20_3_adr,inter_paragraph_v2_true_boundaries,270,parser_full_text,1,3.7037037037037037,1.0,3.7037037037037037,1.0,3.7037037037037037,,,,,,,,,,,,,,,,,,,,,,,,,,,,,,,,,,,,,,,,,,,,,,,,,,,,,,,,,,
es_wr_b1_26_2_3_cme,inter_paragraph_v2_true_boundaries,395,parser_full_text,2,5.063291139240507,1.0,2.5316455696202533,,,,,,,,,1.0,2.5316455696202533,,,,,,,1.0,2.5316455696202533,,,,,1.0,2.5316455696202533,,,,,,,,,,,,,,,,,,,,,,,,,,,,,,,,,,,,
es_wr_b1_27_8_13_mhj,inter_paragraph_v2_true_boundaries,305,parser_full_text,1,3.278688524590164,,,,,,,,,,,1.0,3.278688524590164,,,,,,,,,,,,,1.0,3.278688524590164,,,,,,,,,,,,,,,,,,,,,,,,,,,,,,,,,,,,
es_wr_b1_27_8_3_ajrp,inter_paragraph_v2_true_boundaries,354,parser_full_text,1,2.824858757062147,1.0,2.824858757062147,,,,,1.0,2.824858757062147,,,,,,,,,,,,,,,,,,,,,,,,,,,,,,,,,,,,,,,,,,,,,,,,,,,,,,
es_wr_b1_27_unknown_13_esh,inter_paragraph_v2_true_boundaries,485,parser_full_text,1,2.061855670103093,1.0,2.061855670103093,,,,,,,,,,,,,,,,,,,,,1.0,2.061855670103093,,,,,,,,,,,,,,,,,,,,,,,,,,,,,,,,,,,,,,
es_wr_b1_28_25_14_emgs,inter_paragraph_v2_true_boundaries,454,parser_full_text,1,2.2026431718061676,,,,,,,,,,,,,,,,,,,,,,,,,,,1.0,2.2026431718061676,,,,,,,1.0,2.2026431718061676,,,,,,,,,,,,,,,,,,,,,,,,,,
es_wr_b1_31_26_3_emsh,inter_paragraph_v2_true_boundaries,389,parser_full_text,1,2.5706940874035986,,,,,,,,,,,1.0,2.5706940874035986,,,,,,,,,,,,,1.0,2.5706940874035986,,,,,,,,,,,,,,,,,,,,,,,,,,,,,,,,,,,,
es_wr_b1_32_26_3_ymm,inter_paragraph_v2_true_boundaries,277,parser_full_text,1,3.6101083032490977,,,,,,,,,,,,,,,,,,,,,,,,,,,1.0,3.6101083032490977,1.0,3.6101083032490977,,,,,,,,,,,,,,,,,,,,,,,,,,,,,,,,
es_wr_b1_44_15_13_ljnv,inter_paragraph_v2_true_boundaries,351,parser_full_text,1,2.849002849002849,1.0,2.849002849002849,,,,,,,,,,,,,,,,,,,,,1.0,2.849002849002849,,,,,,,,,,,,,,,,,,,,,,,,,,,,,,,,,,,,,,
es_wr_b1_45_35_13_er,inter_paragraph_v2_true_boundaries,328,parser_full_text,1,3.048780487804878,1.0,3.048780487804878,,,,,,,,,,,1.0,3.048780487804878,,,,,,,,,,,,,,,,,,,,,,,,,,,,,,,,,,,,,,,,,,,,,,,,
es_wr_b1_46_4_3_ja,inter_paragraph_v2_true_boundaries,506,parser_full_text,1,1.976284584980237,1.0,1.976284584980237,,,,,,,,,,,1.0,1.976284584980237,,,,,,,,,,,,,,,,,,,,,,,,,,,,,,,,,,,,,,,,,,,,,,,,
es_wr_b1_56_1_14_cfo,inter_paragraph_v2_true_boundaries,489,parser_full_text,2,4.08997955010225,2.0,4.08997955010225,,,,,,,,,,,2.0,4.08997955010225,,,,,,,,,,,,,,,,,,,,,,,,,,,,,,,,,,,,,,,,,,,,,,,,
es_wr_b1_57_10_3_rpg,inter_paragraph_v2_true_boundaries,369,parser_full_text,2,5.420054200542006,,,,,,,,,,,1.0,2.710027100271003,,,,,,,,,,,,,1.0,2.710027100271003,1.0,2.710027100271003,1.0,2.710027100271003,,,,,,,,,,,,,,,,,,,,,,,,,,,,,,,,
es_wr_b2_18_10_14_lcf,inter_paragraph_v2_true_boundaries,289,parser_full_text,3,10.380622837370241,2.0,6.920415224913495,,,,,,,,,,,2.0,6.920415224913495,,,,,,,,,,,,,1.0,3.4602076124567476,1.0,3.4602076124567476,,,,,,,,,,,,,,,,,,,,,,,,,,,,,,,,
es_wr_b2_18_12_14_lha,inter_paragraph_v2_true_boundaries,425,parser_full_text,2,4.705882352941176,1.0,2.352941176470588,,,,,,,1.0,2.352941176470588,1.0,2.352941176470588,,,1.0,2.352941176470588,,,,,,,,,,,,,,,,,,,,,,,,,,,,,,,,,,,,,,,,,,,,,,
es_wr_b2_18_12_14_psr,inter_paragraph_v2_true_boundaries,471,parser_full_text,1,2.1231422505307855,,,,,,,,,,,,,,,,,,,,,,,,,,,1.0,2.1231422505307855,1.0,2.1231422505307855,,,,,,,,,,,,,,,,,,,,,,,,,,,,,,,,
es_wr_b2_18_12_3_emp,inter_paragraph_v2_true_boundaries,444,parser_full_text,1,2.2522522522522523,1.0,2.2522522522522523,,,,,,,,,,,1.0,2.2522522522522523,,,,,,,,,,,,,,,,,,,,,,,,,,,,,,,,,,,,,,,,,,,,,,,,
es_wr_b2_18_12_3_jmo,inter_paragraph_v2_true_boundaries,346,parser_full_text,3,8.670520231213873,1.0,2.890173410404624,,,,,,,,,2.0,5.780346820809248,1.0,2.890173410404624,2.0,5.780346820809248,,,,,,,,,,,,,,,,,,,,,,,,,,,,,,,,,,,,,,,,,,,,,,
es_wr_b2_18_12_3_rrg,inter_paragraph_v2_true_boundaries,417,parser_full_text,1,2.398081534772182,1.0,2.398081534772182,,,,,,,,,,,,,,,,,,,,,,,,,,,,,,,,,,,,,,,,,,,,,,,,,1.0,2.398081534772182,,,,,,,,,,
es_wr_b2_18_13_13_cm,inter_paragraph_v2_true_boundaries,296,parser_full_text,1,3.3783783783783785,,,,,,,,,,,1.0,3.3783783783783785,,,,,,,,,,,,,1.0,3.3783783783783785,,,,,,,,,,,,,,,,,,,,,,,,,,,,,,,,,,,,
es_wr_b2_18_15_3_agm,inter_paragraph_v2_true_boundaries,488,parser_full_text,1,2.0491803278688527,1.0,2.0491803278688527,,,,,,,,,,,1.0,2.0491803278688527,,,,,,,,,,,,,,,,,,,,,,,,,,,,,,,,,,,,,,,,,,,,,,,,
es_wr_b2_19_10_13_jgc,inter_paragraph_v2_true_boundaries,470,parser_full_text,2,4.25531914893617,1.0,2.127659574468085,,,,,,,,,1.0,2.127659574468085,1.0,2.127659574468085,,,,,,,,,,,1.0,2.127659574468085,,,,,,,,,,,,,,,,,,,,,,,,,,,,,,,,,,,,
es_wr_b2_19_12_3_gsm,inter_paragraph_v2_true_boundaries,539,parser_full_text,1,1.8552875695732838,,,,,,,,,,,1.0,1.8552875695732838,,,,,,,,,,,,,1.0,1.8552875695732838,,,,,,,,,,,,,,,,,,,,,,,,,,,,,,,,,,,,
es_wr_b2_19_13_13_mbr,inter_paragraph_v2_true_boundaries,373,parser_full_text,1,2.680965147453083,1.0,2.680965147453083,,,,,,,,,,,1.0,2.680965147453083,,,,,,,,,,,,,,,,,,,,,,,,,,,,,,,,,,,,,,,,,,,,,,,,
es_wr_b2_19_13_13_milf,inter_paragraph_v2_true_boundaries,419,parser_full_text,1,2.3866348448687353,1.0,2.3866348448687353,,,,,,,,,,,,,,,,,,,,,1.0,2.3866348448687353,,,,,,,,,,,,,,,,,,,,,,,,,,,,,,,,,,,,,,
es_wr_b2_19_13_14_hga,inter_paragraph_v2_true_boundaries,311,parser_full_text,1,3.215434083601286,,,,,,,,,,,1.0,3.215434083601286,,,,,,,,,,,,,1.0,3.215434083601286,,,,,,,,,,,,,,,,,,,,,,,,,,,,,,,,,,,,
es_wr_b2_19_13_3_af,inter_paragraph_v2_true_boundaries,291,parser_full_text,1,3.4364261168384878,1.0,3.4364261168384878,,,,,,,,,,,,,,,,,,,,,,,,,,,,,,,,,,,,,,,,,,,1.0,3.4364261168384878,,,,,,,,,,,,,,,,
es_wr_b2_19_13_3_mjmm,inter_paragraph_v2_true_boundaries,294,parser_full_text,1,3.401360544217687,1.0,3.401360544217687,,,,,,,,,,,,,,,,,,,,,,,,,,,,,,,,,,,,,,,,,1.0,3.401360544217687,,,,,,,,,,,,,,,,,,
es_wr_b2_19_14_3_fjpm,inter_paragraph_v2_true_boundaries,704,parser_full_text,3,4.261363636363636,1.0,1.4204545454545454,,,,,,,,,2.0,2.840909090909091,,,1.0,1.4204545454545454,,,,,,,,,1.0,1.4204545454545454,,,,,,,,,,,1.0,1.4204545454545454,,,,,,,,,,,,,,,,,,,,,,,,
es_wr_b2_19_14_3_iga,inter_paragraph_v2_true_boundaries,313,parser_full_text,1,3.1948881789137378,,,,,,,,,,,1.0,3.1948881789137378,,,,,,,,,,,,,1.0,3.1948881789137378,,,,,,,,,,,,,,,,,,,,,,,,,,,,,,,,,,,,
es_wr_b2_19_15_3_gsl,inter_paragraph_v2_true_boundaries,458,parser_full_text,2,4.366812227074235,1.0,2.1834061135371177,,,,,,,,,,,1.0,2.1834061135371177,,,,,,,,,,,,,1.0,2.1834061135371177,1.0,2.1834061135371177,,,,,,,,,,,,,,,,,,,,,,,,,,,,,,,,
es_wr_b2_19_15_3_ycmm,inter_paragraph_v2_true_boundaries,540,parser_full_text,1,1.8518518518518519,1.0,1.8518518518518519,,,,,,,1.0,1.8518518518518519,,,,,,,,,,,,,,,,,,,,,,,,,,,,,,,,,,,,,,,,,,,,,,,,,,,,
es_wr_b2_19_16_3_cnh,inter_paragraph_v2_true_boundaries,451,parser_full_text,1,2.2172949002217295,,,,,,,,,,,,,,,,,,,,,,,,,,,1.0,2.2172949002217295,1.0,2.2172949002217295,,,,,,,,,,,,,,,,,,,,,,,,,,,,,,,,
es_wr_b2_19_17_3_imc,inter_paragraph_v2_true_boundaries,319,parser_full_text,1,3.134796238244514,,,,,,,,,,,,,,,,,,,,,,,,,,,1.0,3.134796238244514,1.0,3.134796238244514,,,,,,,,,,,,,,,,,,,,,,,,,,,,,,,,
es_wr_b2_19_unknown_13_rgc,inter_paragraph_v2_true_boundaries,328,parser_full_text,1,3.048780487804878,,,,,,,,,,,1.0,3.048780487804878,,,,,,,,,,,,,1.0,3.048780487804878,,,,,,,,,,,,,,,,,,,,,,,,,,,,,,,,,,,,
es_wr_b2_20_10_14_rbg,inter_paragraph_v2_true_boundaries,332,parser_full_text,2,6.024096385542169,1.0,3.0120481927710845,,,,,,,,,,,1.0,3.0120481927710845,,,,,,,,,,,,,1.0,3.0120481927710845,1.0,3.0120481927710845,,,,,,,,,,,,,,,,,,,,,,,,,,,,,,,,
es_wr_b2_20_11_13_mms,inter_paragraph_v2_true_boundaries,453,parser_full_text,2,4.415011037527594,1.0,2.207505518763797,,,,,,,,,,,,,,,,,1.0,2.207505518763797,,,,,,,1.0,2.207505518763797,1.0,2.207505518763797,,,,,,,,,,,,,,,,,,,,,,,,,,,,,,,,
es_wr_b2_20_12_14_acg,inter_paragraph_v2_true_boundaries,417,parser_full_text,2,4.796163069544364,1.0,2.398081534772182,,,,,,,,,,,1.0,2.398081534772182,,,,,,,,,,,,,1.0,2.398081534772182,1.0,2.398081534772182,,,,,,,,,,,,,,,,,,,,,,,,,,,,,,,,
es_wr_b2_20_12_3_nllb,inter_paragraph_v2_true_boundaries,397,parser_full_text,1,2.5188916876574305,,,,,,,,,,,1.0,2.5188916876574305,,,,,,,,,,,,,1.0,2.5188916876574305,,,,,,,,,,,,,,,,,,,,,,,,,,,,,,,,,,,,
es_wr_b2_20_13_3_pgg,inter_paragraph_v2_true_boundaries,411,parser_full_text,1,2.4330900243309004,,,,,,,,,,,1.0,2.4330900243309004,,,,,,,,,,,,,1.0,2.4330900243309004,,,,,,,,,,,,,,,,,,,,,,,,,,,,,,,,,,,,
es_wr_b2_20_14_3_hatv,inter_paragraph_v2_true_boundaries,303,parser_full_text,1,3.3003300330033003,,,,,,,,,,,1.0,3.3003300330033003,,,,,,,,,,,,,1.0,3.3003300330033003,,,,,,,,,,,,,,,,,,,,,,,,,,,,,,,,,,,,
es_wr_b2_20_15_3_lvl,inter_paragraph_v2_true_boundaries,417,parser_full_text,1,2.398081534772182,1.0,2.398081534772182,,,,,,,,,,,,,,,,,,,,,,,,,,,,,,,,,,,,,,,,,1.0,2.398081534772182,,,,,,,,,,,,,,,,,,
es_wr_b2_20_17_3_bp,inter_paragraph_v2_true_boundaries,506,parser_full_text,1,1.976284584980237,,,,,,,,,,,,,,,,,,,,,,,,,,,1.0,1.976284584980237,1.0,1.976284584980237,,,,,,,,,,,,,,,,,,,,,,,,,,,,,,,,
es_wr_b2_20_17_3_cbl,inter_paragraph_v2_true_boundaries,349,parser_full_text,1,2.865329512893983,1.0,2.865329512893983,,,,,,,,,,,1.0,2.865329512893983,,,,,,,,,,,,,,,,,,,,,,,,,,,,,,,,,,,,,,,,,,,,,,,,
es_wr_b2_20_17_3_cmmj,inter_paragraph_v2_true_boundaries,350,parser_full_text,1,2.857142857142857,,,,,,,,,,,,,,,,,,,,,,,,,,,1.0,2.857142857142857,1.0,2.857142857142857,,,,,,,,,,,,,,,,,,,,,,,,,,,,,,,,
es_wr_b2_20_17_3_lcm,inter_paragraph_v2_true_boundaries,464,parser_full_text,2,4.310344827586206,1.0,2.155172413793103,1.0,2.155172413793103,,,,,,,1.0,2.155172413793103,,,1.0,2.155172413793103,,,,,,,,,,,,,,,,,,,,,,,,,,,,,,,,,,,,,,,,,,,,,,
es_wr_b2_20_8_3_nfb2,inter_paragraph_v2_true_boundaries,282,parser_full_text,1,3.5460992907801416,1.0,3.5460992907801416,,,,,,,,,,,1.0,3.5460992907801416,,,,,,,,,,,,,,,,,,,,,,,,,,,,,,,,,,,,,,,,,,,,,,,,
es_wr_b2_21_10_3_fer,inter_paragraph_v2_true_boundaries,484,parser_full_text,1,2.066115702479339,1.0,2.066115702479339,,,,,,,,,,,1.0,2.066115702479339,,,,,,,,,,,,,,,,,,,,,,,,,,,,,,,,,,,,,,,,,,,,,,,,
es_wr_b2_21_12_14_aegu,inter_paragraph_v2_true_boundaries,510,parser_full_text,1,1.9607843137254901,1.0,1.9607843137254901,,,,,,,,,,,1.0,1.9607843137254901,,,,,,,,,,,,,,,,,,,,,,,,,,,,,,,,,,,,,,,,,,,,,,,,
es_wr_b2_21_12_3_imj,inter_paragraph_v2_true_boundaries,355,parser_full_text,1,2.8169014084507045,1.0,2.8169014084507045,1.0,2.8169014084507045,,,,,,,,,,,,,,,,,,,,,,,,,,,,,,,,,,,,,,,,,,,,,,,,,,,,,,,,,,
es_wr_b2_21_13_14_csl,inter_paragraph_v2_true_boundaries,493,parser_full_text,1,2.028397565922921,,,,,,,,,,,,,,,,,,,,,,,,,,,1.0,2.028397565922921,1.0,2.028397565922921,,,,,,,,,,,,,,,,,,,,,,,,,,,,,,,,
es_wr_b2_21_13_3_csl,inter_paragraph_v2_true_boundaries,325,parser_full_text,1,3.076923076923077,,,,,,,,,,,,,,,,,,,,,,,,,,,1.0,3.076923076923077,1.0,3.076923076923077,,,,,,,,,,,,,,,,,,,,,,,,,,,,,,,,
es_wr_b2_21_15_13_los,inter_paragraph_v2_true_boundaries,398,parser_full_text,1,2.512562814070352,1.0,2.512562814070352,,,,,,,,,,,,,,,,,1.0,2.512562814070352,,,,,,,,,,,,,,,,,,,,,,,,,,,,,,,,,,,,,,,,,,
es_wr_b2_21_15_3_ajpm,inter_paragraph_v2_true_boundaries,343,parser_full_text,1,2.9154518950437316,1.0,2.9154518950437316,,,,,,,,,,,1.0,2.9154518950437316,,,,,,,,,,,,,,,,,,,,,,,,,,,,,,,,,,,,,,,,,,,,,,,,
es_wr_b2_21_16_3_dpg,inter_paragraph_v2_true_boundaries,378,parser_full_text,1,2.6455026455026456,,,,,,,,,,,,,,,,,,,,,,,,,,,1.0,2.6455026455026456,1.0,2.6455026455026456,,,,,,,,,,,,,,,,,,,,,,,,,,,,,,,,
es_wr_b2_21_16_3_ird,inter_paragraph_v2_true_boundaries,284,parser_full_text,1,3.5211267605633805,1.0,3.5211267605633805,,,,,,,,,,,,,,,,,1.0,3.5211267605633805,,,,,,,,,,,,,,,,,,,,,,,,,,,,,,,,,,,,,,,,,,
es_wr_b2_21_16_3_lgt,inter_paragraph_v2_true_boundaries,375,parser_full_text,1,2.6666666666666665,,,,,,,,,,,,,,,,,,,,,,,,,,,1.0,2.6666666666666665,1.0,2.6666666666666665,,,,,,,,,,,,,,,,,,,,,,,,,,,,,,,,
es_wr_b2_21_16_3_psm,inter_paragraph_v2_true_boundaries,405,parser_full_text,1,2.4691358024691357,1.0,2.4691358024691357,,,,,,,,,,,1.0,2.4691358024691357,,,,,,,,,,,,,,,,,,,,,,,,,,,,,,,,,,,,,,,,,,,,,,,,
es_wr_b2_21_17_13_mrb,inter_paragraph_v2_true_boundaries,470,parser_full_text,1,2.127659574468085,1.0,2.127659574468085,,,,,,,,,,,,,,,,,,,,,1.0,2.127659574468085,,,,,,,,,,,,,,,,,,,,,,,,,,,,,,,,,,,,,,
es_wr_b2_21_17_3_gfn,inter_paragraph_v2_true_boundaries,720,parser_full_text,1,1.3888888888888888,1.0,1.3888888888888888,,,,,,,,,,,1.0,1.3888888888888888,,,,,,,,,,,,,,,,,,,,,,,,,,,,,,,,,,,,,,,,,,,,,,,,
es_wr_b2_21_18_13_lam,inter_paragraph_v2_true_boundaries,300,parser_full_text,1,3.3333333333333335,1.0,3.3333333333333335,,,,,,,,,,,,,,,,,,,,,1.0,3.3333333333333335,,,,,,,,,,,,,,,,,,,,,,,,,,,,,,,,,,,,,,
es_wr_b2_21_18_3_epm,inter_paragraph_v2_true_boundaries,432,parser_full_text,1,2.314814814814815,,,,,,,,,,,1.0,2.314814814814815,,,,,,,,,,,,,1.0,2.314814814814815,,,,,,,,,,,,,,,,,,,,,,,,,,,,,,,,,,,,
es_wr_b2_21_8_3_cm,inter_paragraph_v2_true_boundaries,375,parser_full_text,1,2.6666666666666665,,,,,,,,,,,,,,,,,,,,,,,,,,,1.0,2.6666666666666665,1.0,2.6666666666666665,,,,,,,,,,,,,,,,,,,,,,,,,,,,,,,,
es_wr_b2_22_11_14_drg,inter_paragraph_v2_true_boundaries,515,parser_full_text,2,3.883495145631068,2.0,3.883495145631068,,,,,,,,,,,1.0,1.941747572815534,,,1.0,1.941747572815534,,,,,,,,,,,,,,,,,,,,,,,,,,,,,,,,,,,,,,,,,,,,
es_wr_b2_22_15_14_jaa,inter_paragraph_v2_true_boundaries,411,parser_full_text,1,2.4330900243309004,,,,,,,,,,,,,,,,,,,,,,,,,,,1.0,2.4330900243309004,1.0,2.4330900243309004,,,,,,,,,,,,,,,,,,,,,,,,,,,,,,,,
es_wr_b2_22_15_14_mcds,inter_paragraph_v2_true_boundaries,307,parser_full_text,1,3.257328990228013,1.0,3.257328990228013,,,,,,,,,,,1.0,3.257328990228013,,,,,,,,,,,,,,,,,,,,,,,,,,,,,,,,,,,,,,,,,,,,,,,,
es_wr_b2_22_15_3_jrm,inter_paragraph_v2_true_boundaries,358,parser_full_text,1,2.793296089385475,1.0,2.793296089385475,,,,,1.0,2.793296089385475,,,,,,,,,,,,,,,,,,,,,,,,,,,,,,,,,,,,,,,,,,,,,,,,,,,,,,
es_wr_b2_22_16_13_jrrm,inter_paragraph_v2_true_boundaries,399,parser_full_text,2,5.012531328320802,2.0,5.012531328320802,,,,,,,,,,,1.0,2.506265664160401,,,,,,,,,1.0,2.506265664160401,,,,,,,,,,,,,,,,,,,,,,,,,,,,,,,,,,,,,,
es_wr_b2_22_16_3_mmb,inter_paragraph_v2_true_boundaries,408,parser_full_text,1,2.450980392156863,,,,,,,,,,,,,,,,,,,,,,,,,,,1.0,2.450980392156863,1.0,2.450980392156863,,,,,,,,,,,,,,,,,,,,,,,,,,,,,,,,
es_wr_b2_22_19_3_aoa,inter_paragraph_v2_true_boundaries,654,parser_full_text,1,1.529051987767584,,,,,,,,,,,,,,,,,,,,,,,,,,,1.0,1.529051987767584,1.0,1.529051987767584,,,,,,,,,,,,,,,,,,,,,,,,,,,,,,,,
es_wr_b2_22_19_3_pcc,inter_paragraph_v2_true_boundaries,470,parser_full_text,3,6.382978723404255,1.0,2.127659574468085,,,,,1.0,2.127659574468085,,,2.0,4.25531914893617,,,,,,,,,,,,,2.0,4.25531914893617,,,,,,,,,,,,,,,,,,,,,,,,,,,,,,,,,,,,
es_wr_b2_23_15_14_lfc,inter_paragraph_v2_true_boundaries,434,parser_full_text,2,4.608294930875576,,,,,,,,,,,1.0,2.304147465437788,,,,,,,,,,,,,1.0,2.304147465437788,1.0,2.304147465437788,1.0,2.304147465437788,,,,,,,,,,,,,,,,,,,,,,,,,,,,,,,,
es_wr_b2_23_16_3_icc,inter_paragraph_v2_true_boundaries,502,parser_full_text,1,1.9920318725099602,,,,,,,,,,,1.0,1.9920318725099602,,,,,,,,,,,,,1.0,1.9920318725099602,,,,,,,,,,,,,,,,,,,,,,,,,,,,,,,,,,,,
es_wr_b2_23_19_3_jtc,inter_paragraph_v2_true_boundaries,410,parser_full_text,1,2.4390243902439024,,,,,,,,,,,1.0,2.4390243902439024,,,,,,,,,,,,,1.0,2.4390243902439024,,,,,,,,,,,,,,,,,,,,,,,,,,,,,,,,,,,,
es_wr_b2_23_1_13_acd,inter_paragraph_v2_true_boundaries,385,parser_full_text,4,10.38961038961039,4.0,10.38961038961039,,,1.0,2.5974025974025974,,,,,,,1.0,2.5974025974025974,,,,,,,,,1.0,2.5974025974025974,,,,,,,,,,,,,,,,,,,,,,,,,,,1.0,2.5974025974025974,,,,,,,,,,
es_wr_b2_23_21_14_nnt,inter_paragraph_v2_true_boundaries,300,parser_full_text,1,3.3333333333333335,1.0,3.3333333333333335,,,,,,,,,,,1.0,3.3333333333333335,,,,,,,,,,,,,,,,,,,,,,,,,,,,,,,,,,,,,,,,,,,,,,,,
es_wr_b2_23_6_3_lrm,inter_paragraph_v2_true_boundaries,325,parser_full_text,1,3.076923076923077,,,,,,,,,,,1.0,3.076923076923077,,,1.0,3.076923076923077,,,,,,,,,,,,,,,,,,,,,,,,,,,,,,,,,,,,,,,,,,,,,,
es_wr_b2_24_14_14_rgg,inter_paragraph_v2_true_boundaries,450,parser_full_text,1,2.2222222222222223,1.0,2.2222222222222223,,,,,,,,,,,1.0,2.2222222222222223,,,,,,,,,,,,,,,,,,,,,,,,,,,,,,,,,,,,,,,,,,,,,,,,
es_wr_b2_24_14_3_apr,inter_paragraph_v2_true_boundaries,802,parser_full_text,5,6.234413965087282,2.0,2.493765586034913,,,,,,,,,3.0,3.740648379052369,,,2.0,2.493765586034913,2.0,2.493765586034913,,,,,,,1.0,1.2468827930174564,,,,,,,,,,,,,,,,,,,,,,,,,,,,,,,,,,,,
es_wr_b2_24_15_3_jrc,inter_paragraph_v2_true_boundaries,413,parser_full_text,1,2.4213075060532687,1.0,2.4213075060532687,,,,,,,,,,,,,,,,,,,,,,,,,,,,,,,,,,,,,,,,,,,,,,,,,,,1.0,2.4213075060532687,,,,,,,,
es_wr_b2_24_19_14_mabg,inter_paragraph_v2_true_boundaries,443,parser_full_text,1,2.257336343115124,1.0,2.257336343115124,,,,,,,,,,,1.0,2.257336343115124,,,,,,,,,,,,,,,,,,,,,,,,,,,,,,,,,,,,,,,,,,,,,,,,
es_wr_b2_24_20_3_ntp,inter_paragraph_v2_true_boundaries,555,parser_full_text,1,1.8018018018018018,1.0,1.8018018018018018,,,,,1.0,1.8018018018018018,,,,,,,,,,,,,,,,,,,,,,,,,,,,,,,,,,,,,,,,,,,,,,,,,,,,,,
es_wr_b2_24_8_3_cldlh,inter_paragraph_v2_true_boundaries,294,parser_full_text,2,6.802721088435374,,,,,,,,,,,2.0,6.802721088435374,,,1.0,3.401360544217687,,,,,,,,,1.0,3.401360544217687,,,,,,,,,,,,,,,,,,,,,,,,,,,,,,,,,,,,
es_wr_b2_25_10_13_mpt,inter_paragraph_v2_true_boundaries,336,parser_full_text,1,2.976190476190476,1.0,2.976190476190476,,,,,,,,,,,1.0,2.976190476190476,,,,,,,,,,,,,,,,,,,,,,,,,,,,,,,,,,,,,,,,,,,,,,,,
es_wr_b2_26_18_14_mrm,inter_paragraph_v2_true_boundaries,393,parser_full_text,1,2.544529262086514,1.0,2.544529262086514,1.0,2.544529262086514,,,,,,,,,,,,,,,,,,,,,,,,,,,,,,,,,,,,,,,,,,,,,,,,,,,,,,,,,,
es_wr_b2_29_10_3_aam,inter_paragraph_v2_true_boundaries,294,parser_full_text,1,3.401360544217687,,,,,,,,,,,1.0,3.401360544217687,,,,,,,,,,,,,1.0,3.401360544217687,,,,,,,,,,,,,,,,,,,,,,,,,,,,,,,,,,,,
es_wr_b2_39_27_14_rsp,inter_paragraph_v2_true_boundaries,406,parser_full_text,1,2.4630541871921183,1.0,2.4630541871921183,,,,,,,,,,,,,,,1.0,2.4630541871921183,,,,,,,,,,,,,,,,,,,,,,,,,,,,,,,,,,,,,,,,,,,,
es_wr_b2_43_32_3_am,inter_paragraph_v2_true_boundaries,273,parser_full_text,1,3.663003663003663,1.0,3.663003663003663,,,,,,,1.0,3.663003663003663,,,,,,,,,,,,,,,,,,,,,,,,,,,,,,,,,,,,,,,,,,,,,,,,,,,,
es_wr_b2_51_25_3_rmmr,inter_paragraph_v2_true_boundaries,334,parser_full_text,1,2.9940119760479043,,,,,,,,,,,,,,,,,,,,,,,,,,,1.0,2.9940119760479043,1.0,2.9940119760479043,,,,,,,,,,,,,,,,,,,,,,,,,,,,,,,,
es_wr_c1_17_14_13_mvj,inter_paragraph_v2_true_boundaries,416,parser_full_text,3,7.211538461538462,2.0,4.807692307692308,,,,,,,,,1.0,2.403846153846154,1.0,2.403846153846154,,,,,,,,,1.0,2.403846153846154,1.0,2.403846153846154,,,,,,,,,,,,,,,,,,,,,,,,,,,,,,,,,,,,
es_wr_c1_17_7_3_pvm,inter_paragraph_v2_true_boundaries,371,parser_full_text,1,2.6954177897574128,,,,,,,,,,,,,,,,,,,,,,,,,,,1.0,2.6954177897574128,,,,,,,,,,,,,,,,,,,,,,,,,,,1.0,2.6954177897574128,,,,,,
es_wr_c1_18_10_3_mg,inter_paragraph_v2_true_boundaries,377,parser_full_text,2,5.305039787798409,,,,,,,,,,,1.0,2.6525198938992043,,,1.0,2.6525198938992043,,,,,,,,,,,1.0,2.6525198938992043,1.0,2.6525198938992043,,,,,,,,,,,,,,,,,,,,,,,,,,,,,,,,
es_wr_c1_18_12_14_cbg,inter_paragraph_v2_true_boundaries,402,parser_full_text,1,2.487562189054726,,,,,,,,,,,,,,,,,,,,,,,,,,,1.0,2.487562189054726,1.0,2.487562189054726,,,,,,,,,,,,,,,,,,,,,,,,,,,,,,,,
es_wr_c1_18_12_14_lbt,inter_paragraph_v2_true_boundaries,383,parser_full_text,1,2.6109660574412534,1.0,2.6109660574412534,,,,,,,,,,,1.0,2.6109660574412534,,,,,,,,,,,,,,,,,,,,,,,,,,,,,,,,,,,,,,,,,,,,,,,,
es_wr_c1_18_12_3_eno,inter_paragraph_v2_true_boundaries,533,parser_full_text,1,1.876172607879925,,,,,,,,,,,1.0,1.876172607879925,,,,,,,,,,,,,1.0,1.876172607879925,,,,,,,,,,,,,,,,,,,,,,,,,,,,,,,,,,,,
es_wr_c1_18_13_14_mscm,inter_paragraph_v2_true_boundaries,598,parser_full_text,2,3.3444816053511706,2.0,3.3444816053511706,,,,,,,,,,,2.0,3.3444816053511706,,,,,,,,,,,,,,,,,,,,,,,,,,,,,,,,,,,,,,,,,,,,,,,,
es_wr_c1_18_13_3_amr,inter_paragraph_v2_true_boundaries,439,parser_full_text,2,4.555808656036446,,,,,,,,,,,1.0,2.277904328018223,,,,,,,,,,,,,1.0,2.277904328018223,1.0,2.277904328018223,1.0,2.277904328018223,,,,,,,,,,,,,,,,,,,,,,,,,,,,,,,,
es_wr_c1_18_13_3_arc,inter_paragraph_v2_true_boundaries,296,parser_full_text,2,6.756756756756757,2.0,6.756756756756757,,,,,,,,,,,2.0,6.756756756756757,,,,,,,,,,,,,,,,,,,,,,,,,,,,,,,,,,,,,,,,,,,,,,,,
es_wr_c1_18_13_3_nsbb,inter_paragraph_v2_true_boundaries,738,parser_full_text,2,2.710027100271003,2.0,2.710027100271003,,,,,,,,,,,,,,,1.0,1.3550135501355014,,,,,1.0,1.3550135501355014,,,,,,,,,,,,,,,,,,,,,,,,,,,,,,,,,,,,,,
es_wr_c1_18_15_3_cgr,inter_paragraph_v2_true_boundaries,562,parser_full_text,2,3.558718861209964,1.0,1.779359430604982,,,,,,,,,1.0,1.779359430604982,1.0,1.779359430604982,,,,,,,,,,,1.0,1.779359430604982,,,,,,,,,,,,,,,,,,,,,,,,,,,,,,,,,,,,
es_wr_c1_18_15_3_muj,inter_paragraph_v2_true_boundaries,557,parser_full_text,2,3.5906642728904847,1.0,1.7953321364452424,,,,,,,,,,,1.0,1.7953321364452424,,,,,,,,,,,,,1.0,1.7953321364452424,1.0,1.7953321364452424,,,,,,,,,,,,,,,,,,,,,,,,,,,,,,,,
es_wr_c1_18_9_3_brg,inter_paragraph_v2_true_boundaries,425,parser_full_text,1,2.352941176470588,,,,,,,,,,,1.0,2.352941176470588,,,1.0,2.352941176470588,,,,,,,,,,,,,,,,,,,,,,,,,,,,,,,,,,,,,,,,,,,,,,
es_wr_c1_19_10_3_mor,inter_paragraph_v2_true_boundaries,406,parser_full_text,1,2.4630541871921183,1.0,2.4630541871921183,,,,,,,,,,,1.0,2.4630541871921183,,,,,,,,,,,,,,,,,,,,,,,,,,,,,,,,,,,,,,,,,,,,,,,,
es_wr_c1_19_10_3_mrs,inter_paragraph_v2_true_boundaries,607,parser_full_text,1,1.6474464579901154,,,,,,,,,,,,,,,,,,,,,,,,,,,1.0,1.6474464579901154,1.0,1.6474464579901154,,,,,,,,,,,,,,,,,,,,,,,,,,,,,,,,
es_wr_c1_19_12_3_ara,inter_paragraph_v2_true_boundaries,411,parser_full_text,1,2.4330900243309004,,,,,,,,,,,1.0,2.4330900243309004,,,,,,,,,,,,,,,,,,,,,,,,,,,,,,,,,,,,,,,,,,,,,1.0,2.4330900243309004,,,,
es_wr_c1_19_12_3_jcf,inter_paragraph_v2_true_boundaries,515,parser_full_text,2,3.883495145631068,,,,,,,,,,,1.0,1.941747572815534,,,1.0,1.941747572815534,,,,,,,,,,,1.0,1.941747572815534,1.0,1.941747572815534,,,,,,,,,,,,,,,,,,,,,,,,,,,,,,,,
es_wr_c1_19_13_13_aga,inter_paragraph_v2_true_boundaries,381,parser_full_text,1,2.6246719160104988,,,,,,,,,,,1.0,2.6246719160104988,,,,,,,,,,,,,1.0,2.6246719160104988,,,,,,,,,,,,,,,,,,,,,,,,,,,,,,,,,,,,
es_wr_c1_19_13_3_avwm,inter_paragraph_v2_true_boundaries,290,parser_full_text,1,3.4482758620689653,,,,,,,,,,,1.0,3.4482758620689653,,,,,,,,,,,,,1.0,3.4482758620689653,,,,,,,,,,,,,,,,,,,,,,,,,,,,,,,,,,,,
es_wr_c1_19_13_3_eap,inter_paragraph_v2_true_boundaries,1198,parser_full_text,3,2.5041736227045073,2.0,1.669449081803005,1.0,0.8347245409015025,,,,,,,1.0,0.8347245409015025,1.0,0.8347245409015025,,,,,,,,,,,1.0,0.8347245409015025,,,,,,,,,,,,,,,,,,,,,,,,,,,,,,,,,,,,
es_wr_c1_19_13_3_emtl,inter_paragraph_v2_true_boundaries,520,parser_full_text,2,3.8461538461538463,1.0,1.9230769230769231,1.0,1.9230769230769231,,,,,,,,,,,,,,,,,,,,,,,1.0,1.9230769230769231,1.0,1.9230769230769231,,,,,,,,,,,,,,,,,,,,,,,,,,,,,,,,
es_wr_c1_19_14_3_ims,inter_paragraph_v2_true_boundaries,382,parser_full_text,1,2.617801047120419,1.0,2.617801047120419,,,,,,,,,,,,,,,,,,,,,,,,,,,,,,,,,,,,,,,,,1.0,2.617801047120419,,,,,,,,,,,,,,,,,,
es_wr_c1_19_14_3_mamo,inter_paragraph_v2_true_boundaries,391,parser_full_text,1,2.557544757033248,1.0,2.557544757033248,,,,,,,,,,,,,,,,,,,,,1.0,2.557544757033248,,,,,,,,,,,,,,,,,,,,,,,,,,,,,,,,,,,,,,
es_wr_c1_19_16_3_lcf,inter_paragraph_v2_true_boundaries,334,parser_full_text,1,2.9940119760479043,,,,,,,,,,,1.0,2.9940119760479043,,,,,,,,,,,,,1.0,2.9940119760479043,,,,,,,,,,,,,,,,,,,,,,,,,,,,,,,,,,,,
es_wr_c1_19_16_3_lsl,inter_paragraph_v2_true_boundaries,408,parser_full_text,1,2.450980392156863,1.0,2.450980392156863,1.0,2.450980392156863,,,,,,,,,,,,,,,,,,,,,,,,,,,,,,,,,,,,,,,,,,,,,,,,,,,,,,,,,,
es_wr_c1_19_16_3_mom,inter_paragraph_v2_true_boundaries,508,parser_full_text,1,1.968503937007874,1.0,1.968503937007874,1.0,1.968503937007874,,,,,,,,,,,,,,,,,,,,,,,,,,,,,,,,,,,,,,,,,,,,,,,,,,,,,,,,,,
es_wr_c1_19_16_3_pah,inter_paragraph_v2_true_boundaries,404,parser_full_text,1,2.4752475247524752,,,,,,,,,,,,,,,,,,,,,,,,,,,1.0,2.4752475247524752,1.0,2.4752475247524752,,,,,,,,,,,,,,,,,,,,,,,,,,,,,,,,
es_wr_c1_19_9_3_vgm,inter_paragraph_v2_true_boundaries,504,parser_full_text,2,3.968253968253968,,,,,,,,,,,2.0,3.968253968253968,,,,,,,,,,,,,2.0,3.968253968253968,,,,,,,,,,,,,,,,,,,,,,,,,,,,,,,,,,,,
es_wr_c1_20_10_13_sjm,inter_paragraph_v2_true_boundaries,417,parser_full_text,1,2.398081534772182,1.0,2.398081534772182,,,,,,,,,,,1.0,2.398081534772182,,,,,,,,,,,,,,,,,,,,,,,,,,,,,,,,,,,,,,,,,,,,,,,,
es_wr_c1_20_11_3_mebq,inter_paragraph_v2_true_boundaries,386,parser_full_text,1,2.5906735751295336,1.0,2.5906735751295336,,,,,,,,,,,,,,,,,,,,,,,,,,,,,,,,,,,,,,,,,,,,,,,,,,,,,,,,,1.0,2.5906735751295336,,
es_wr_c1_20_12_3_mym,inter_paragraph_v2_true_boundaries,366,parser_full_text,1,2.73224043715847,,,,,,,,,,,1.0,2.73224043715847,,,1.0,2.73224043715847,,,,,,,,,,,,,,,,,,,,,,,,,,,,,,,,,,,,,,,,,,,,,,
es_wr_c1_20_13_14_mrtm,inter_paragraph_v2_true_boundaries,355,parser_full_text,2,5.633802816901409,,,,,,,,,,,1.0,2.8169014084507045,,,,,,,,,,,,,1.0,2.8169014084507045,1.0,2.8169014084507045,1.0,2.8169014084507045,,,,,,,,,,,,,,,,,,,,,,,,,,,,,,,,
es_wr_c1_20_14_2_eae,inter_paragraph_v2_true_boundaries,354,parser_full_text,1,2.824858757062147,,,,,,,,,,,1.0,2.824858757062147,,,1.0,2.824858757062147,,,,,,,,,,,,,,,,,,,,,,,,,,,,,,,,,,,,,,,,,,,,,,
es_wr_c1_20_14_3_mdgbb,inter_paragraph_v2_true_boundaries,561,parser_full_text,1,1.7825311942959001,1.0,1.7825311942959001,,,,,,,,,,,1.0,1.7825311942959001,,,,,,,,,,,,,,,,,,,,,,,,,,,,,,,,,,,,,,,,,,,,,,,,
es_wr_c1_20_14_3_mts,inter_paragraph_v2_true_boundaries,542,parser_full_text,1,1.8450184501845017,,,,,,,,,,,1.0,1.8450184501845017,,,,,,,,,,,,,1.0,1.8450184501845017,,,,,,,,,,,,,,,,,,,,,,,,,,,,,,,,,,,,
es_wr_c1_20_14_3_pma,inter_paragraph_v2_true_boundaries,338,parser_full_text,1,2.9585798816568047,,,,,,,,,,,,,,,,,,,,,,,,,,,1.0,2.9585798816568047,1.0,2.9585798816568047,,,,,,,,,,,,,,,,,,,,,,,,,,,,,,,,
es_wr_c1_20_15_14_rgf,inter_paragraph_v2_true_boundaries,473,parser_full_text,3,6.342494714587738,3.0,6.342494714587738,1.0,2.1141649048625792,,,1.0,2.1141649048625792,,,,,1.0,2.1141649048625792,,,,,,,,,,,,,,,,,,,,,,,,,,,,,,,,,,,,,,,,,,,,,,,,
es_wr_c1_20_17_13_mml,inter_paragraph_v2_true_boundaries,317,parser_full_text,1,3.1545741324921135,1.0,3.1545741324921135,1.0,3.1545741324921135,,,,,,,,,,,,,,,,,,,,,,,,,,,,,,,,,,,,,,,,,,,,,,,,,,,,,,,,,,
es_wr_c1_20_17_3_lcm,inter_paragraph_v2_true_boundaries,462,parser_full_text,2,4.329004329004329,1.0,2.1645021645021645,1.0,2.1645021645021645,,,,,,,1.0,2.1645021645021645,,,1.0,2.1645021645021645,,,,,,,,,,,,,,,,,,,,,,,,,,,,,,,,,,,,,,,,,,,,,,
es_wr_c1_21_11_13_ak,inter_paragraph_v2_true_boundaries,367,parser_full_text,1,2.7247956403269753,,,,,,,,,,,1.0,2.7247956403269753,,,,,,,,,,,,,1.0,2.7247956403269753,,,,,,,,,,,,,,,,,,,,,,,,,,,,,,,,,,,,
es_wr_c1_21_11_3_dnv,inter_paragraph_v2_true_boundaries,323,parser_full_text,1,3.0959752321981426,,,,,,,,,,,1.0,3.0959752321981426,,,,,,,,,,,,,1.0,3.0959752321981426,,,,,,,,,,,,,,,,,,,,,,,,,,,,,,,,,,,,
es_wr_c1_21_13_13_mqr,inter_paragraph_v2_true_boundaries,357,parser_full_text,1,2.8011204481792715,1.0,2.8011204481792715,,,,,,,,,,,,,,,,,,,,,1.0,2.8011204481792715,,,,,,,,,,,,,,,,,,,,,,,,,,,,,,,,,,,,,,
es_wr_c1_21_13_13_sml,inter_paragraph_v2_true_boundaries,406,parser_full_text,1,2.4630541871921183,1.0,2.4630541871921183,,,,,,,,,,,,,,,,,,,,,1.0,2.4630541871921183,,,,,,,,,,,,,,,,,,,,,,,,,,,,,,,,,,,,,,
es_wr_c1_21_14_3_amnp,inter_paragraph_v2_true_boundaries,636,parser_full_text,5,7.861635220125786,1.0,1.5723270440251573,,,,,,,,,2.0,3.1446540880503147,1.0,1.5723270440251573,,,,,,,,,,,2.0,3.1446540880503147,2.0,3.1446540880503147,2.0,3.1446540880503147,,,,,,,,,,,,,,,,,,,,,,,,,,,,,,,,
es_wr_c1_21_15_13_aml,inter_paragraph_v2_true_boundaries,415,parser_full_text,3,7.228915662650603,2.0,4.819277108433735,,,,,1.0,2.4096385542168677,,,,,,,,,,,,,,,1.0,2.4096385542168677,,,1.0,2.4096385542168677,1.0,2.4096385542168677,,,,,,,,,,,,,,,,,,,,,,,,,,,,,,,,
es_wr_c1_21_15_3_amqr,inter_paragraph_v2_true_boundaries,362,parser_full_text,1,2.7624309392265194,1.0,2.7624309392265194,,,,,,,,,,,1.0,2.7624309392265194,,,,,,,,,,,,,,,,,,,,,,,,,,,,,,,,,,,,,,,,,,,,,,,,
es_wr_c1_21_15_3_fram,inter_paragraph_v2_true_boundaries,363,parser_full_text,3,8.264462809917356,1.0,2.7548209366391188,,,,,,,,,1.0,2.7548209366391188,1.0,2.7548209366391188,1.0,2.7548209366391188,,,,,,,,,,,1.0,2.7548209366391188,1.0,2.7548209366391188,,,,,,,,,,,,,,,,,,,,,,,,,,,,,,,,
es_wr_c1_21_15_3_iccr,inter_paragraph_v2_true_boundaries,377,parser_full_text,1,2.6525198938992043,,,,,,,,,,,,,,,,,,,,,,,,,,,1.0,2.6525198938992043,1.0,2.6525198938992043,,,,,,,,,,,,,,,,,,,,,,,,,,,,,,,,
es_wr_c1_21_15_3_mdbn,inter_paragraph_v2_true_boundaries,592,parser_full_text,1,1.6891891891891893,,,,,,,,,,,,,,,,,,,,,,,,,,,1.0,1.6891891891891893,1.0,1.6891891891891893,,,,,,,,,,,,,,,,,,,,,,,,,,,,,,,,
es_wr_c1_21_16_3_ilpm,inter_paragraph_v2_true_boundaries,471,parser_full_text,1,2.1231422505307855,,,,,,,,,,,,,,,,,,,,,,,,,,,1.0,2.1231422505307855,1.0,2.1231422505307855,,,,,,,,,,,,,,,,,,,,,,,,,,,,,,,,
es_wr_c1_21_16_3_pcg,inter_paragraph_v2_true_boundaries,328,parser_full_text,1,3.048780487804878,1.0,3.048780487804878,,,,,,,,,,,1.0,3.048780487804878,,,,,,,,,,,,,,,,,,,,,,,,,,,,,,,,,,,,,,,,,,,,,,,,
es_wr_c1_21_16_3_pgm,inter_paragraph_v2_true_boundaries,374,parser_full_text,1,2.6737967914438503,1.0,2.6737967914438503,1.0,2.6737967914438503,,,,,,,,,,,,,,,,,,,,,,,,,,,,,,,,,,,,,,,,,,,,,,,,,,,,,,,,,,
es_wr_c1_21_16_3_pmf,inter_paragraph_v2_true_boundaries,516,parser_full_text,1,1.937984496124031,1.0,1.937984496124031,1.0,1.937984496124031,,,,,,,,,,,,,,,,,,,,,,,,,,,,,,,,,,,,,,,,,,,,,,,,,,,,,,,,,,
es_wr_c1_21_16_3_pva,inter_paragraph_v2_true_boundaries,467,parser_full_text,1,2.1413276231263385,,,,,,,,,,,1.0,2.1413276231263385,,,,,,,,,,,,,1.0,2.1413276231263385,,,,,,,,,,,,,,,,,,,,,,,,,,,,,,,,,,,,
es_wr_c1_21_18_13_mcs,inter_paragraph_v2_true_boundaries,413,parser_full_text,1,2.4213075060532687,1.0,2.4213075060532687,1.0,2.4213075060532687,,,,,,,,,,,,,,,,,,,,,,,,,,,,,,,,,,,,,,,,,,,,,,,,,,,,,,,,,,
es_wr_c1_22_11_3_rhg,inter_paragraph_v2_true_boundaries,409,parser_full_text,1,2.444987775061125,1.0,2.444987775061125,,,,,,,,,,,,,,,,,,,,,,,,,,,,,,,,,,,1.0,2.444987775061125,,,,,,,,,,,,,,,,,,,,,,,,
es_wr_c1_22_12_14_mvp,inter_paragraph_v2_true_boundaries,556,parser_full_text,1,1.7985611510791368,1.0,1.7985611510791368,,,,,,,,,,,,,,,,,,,,,,,,,,,,,,,,,,,,,,,,,,,,,,,,,,,,,,,,,,,1.0,1.7985611510791368
es_wr_c1_22_13_3_pcb,inter_paragraph_v2_true_boundaries,535,parser_full_text,1,1.8691588785046729,1.0,1.8691588785046729,,,,,,,,,,,,,,,,,,,,,,,,,,,,,,,,,,,,,,,,,1.0,1.8691588785046729,,,,,,,,,,,,,,,,,,
es_wr_c1_22_14_3_clb,inter_paragraph_v2_true_boundaries,343,parser_full_text,1,2.9154518950437316,1.0,2.9154518950437316,,,,,,,,,,,,,,,,,,,,,,,,,,,,,,,,,,,,,,,,,,,,,,,,,,,,,,,,,1.0,2.9154518950437316,,
es_wr_c1_22_15_3_avc,inter_paragraph_v2_true_boundaries,654,parser_full_text,2,3.058103975535168,2.0,3.058103975535168,,,,,,,,,,,1.0,1.529051987767584,,,1.0,1.529051987767584,,,,,,,,,,,,,,,,,,,,,,,,,,,,,,,,,,,,,,,,,,,,
es_wr_c1_22_17_3_amv,inter_paragraph_v2_true_boundaries,380,parser_full_text,1,2.631578947368421,1.0,2.631578947368421,,,,,,,,,,,,,,,,,,,,,,,,,,,,,,,,,,,,,,,,,,,,,,,,,,,,,,,,,1.0,2.631578947368421,,
es_wr_c1_22_17_3_mlcj,inter_paragraph_v2_true_boundaries,466,parser_full_text,1,2.1459227467811157,1.0,2.1459227467811157,,,,,,,,,,,1.0,2.1459227467811157,,,,,,,,,,,,,,,,,,,,,,,,,,,,,,,,,,,,,,,,,,,,,,,,
es_wr_c1_22_17_3_mrcc,inter_paragraph_v2_true_boundaries,403,parser_full_text,1,2.4813895781637716,,,,,,,,,,,,,,,,,,,,,,,,,,,1.0,2.4813895781637716,1.0,2.4813895781637716,,,,,,,,,,,,,,,,,,,,,,,,,,,,,,,,
es_wr_c1_22_18_3_imms,inter_paragraph_v2_true_boundaries,340,parser_full_text,1,2.941176470588235,1.0,2.941176470588235,,,,,,,,,,,,,,,,,,,,,,,,,,,,,,,,,,,,,,,,,1.0,2.941176470588235,,,,,,,,,,,,,,,,,,
es_wr_c1_22_19_3_ppc,inter_paragraph_v2_true_boundaries,527,parser_full_text,5,9.487666034155597,1.0,1.8975332068311195,,,,,,,,,3.0,5.692599620493358,1.0,1.8975332068311195,2.0,3.795066413662239,,,,,,,,,1.0,1.8975332068311195,1.0,1.8975332068311195,1.0,1.8975332068311195,,,,,,,,,,,,,,,,,,,,,,,,,,,,,,,,
es_wr_c1_22_6_13_fz,inter_paragraph_v2_true_boundaries,352,parser_full_text,1,2.840909090909091,1.0,2.840909090909091,,,,,,,,,,,,,,,,,,,,,1.0,2.840909090909091,,,,,,,,,,,,,,,,,,,,,,,,,,,,,,,,,,,,,,
es_wr_c1_23_15_3_jsfd,inter_paragraph_v2_true_boundaries,466,parser_full_text,3,6.437768240343348,3.0,6.437768240343348,1.0,2.1459227467811157,,,,,,,,,,,,,,,,,,,,,,,,,,,,,,,,,,,,,,,,,,,,,,,,,2.0,4.291845493562231,,,,,,,,
es_wr_c1_23_17_14_cfgm,inter_paragraph_v2_true_boundaries,456,parser_full_text,2,4.385964912280701,,,,,,,,,,,1.0,2.1929824561403506,,,1.0,2.1929824561403506,,,,,,,,,,,1.0,2.1929824561403506,1.0,2.1929824561403506,,,,,,,,,,,,,,,,,,,,,,,,,,,,,,,,
es_wr_c1_23_19_3_jfog,inter_paragraph_v2_true_boundaries,520,parser_full_text,1,1.9230769230769231,,,,,,,,,,,,,,,,,,,,,,,,,,,1.0,1.9230769230769231,1.0,1.9230769230769231,,,,,,,,,,,,,,,,,,,,,,,,,,,,,,,,
es_wr_c1_23_20_14_ghm,inter_paragraph_v2_true_boundaries,604,parser_full_text,1,1.6556291390728477,,,,,,,,,,,1.0,1.6556291390728477,,,,,,,,,,,,,1.0,1.6556291390728477,,,,,,,,,,,,,,,,,,,,,,,,,,,,,,,,,,,,
es_wr_c1_24_17_3_bcy,inter_paragraph_v2_true_boundaries,389,parser_full_text,1,2.5706940874035986,1.0,2.5706940874035986,,,,,1.0,2.5706940874035986,,,,,,,,,,,,,,,,,,,,,,,,,,,,,,,,,,,,,,,,,,,,,,,,,,,,,,
es_wr_c1_24_9_13_rtf,inter_paragraph_v2_true_boundaries,464,parser_full_text,1,2.155172413793103,1.0,2.155172413793103,,,,,,,,,,,,,,,,,,,,,1.0,2.155172413793103,,,,,,,,,,,,,,,,,,,,,,,,,,,,,,,,,,,,,,
es_wr_c1_25_18_3_acdc,inter_paragraph_v2_true_boundaries,350,parser_full_text,2,5.714285714285714,1.0,2.857142857142857,1.0,2.857142857142857,,,,,,,1.0,2.857142857142857,,,,,,,,,,,,,1.0,2.857142857142857,,,,,,,,,,,,,,,,,,,,,,,,,,,,,,,,,,,,
es_wr_c1_26_18_3_mvg,inter_paragraph_v2_true_boundaries,441,parser_full_text,1,2.2675736961451247,1.0,2.2675736961451247,,,,,,,,,,,,,,,,,,,,,,,,,,,,,,,,,,,,,,,,,,,,,,,,,1.0,2.2675736961451247,,,,,,,,,,
es_wr_c1_26_19_3_grt,inter_paragraph_v2_true_boundaries,275,parser_full_text,2,7.2727272727272725,,,,,,,,,,,1.0,3.6363636363636362,,,,,,,,,,,,,1.0,3.6363636363636362,1.0,3.6363636363636362,1.0,3.6363636363636362,,,,,,,,,,,,,,,,,,,,,,,,,,,,,,,,
es_wr_c1_26_20_3_bmm,inter_paragraph_v2_true_boundaries,519,parser_full_text,1,1.9267822736030829,1.0,1.9267822736030829,,,,,1.0,1.9267822736030829,,,,,,,,,,,,,,,,,,,,,,,,,,,,,,,,,,,,,,,,,,,,,,,,,,,,,,
es_wr_c1_31_17_14_pmm,inter_paragraph_v2_true_boundaries,345,parser_full_text,2,5.797101449275362,2.0,5.797101449275362,,,,,,,,,,,1.0,2.898550724637681,,,,,,,,,,,,,,,,,,,,,,,,,1.0,2.898550724637681,,,,,,,,,,,,,,,,,,,,,,
es_wr_c1_33_28_3_mlr,inter_paragraph_v2_true_boundaries,400,parser_full_text,1,2.5,1.0,2.5,1.0,2.5,,,,,,,,,,,,,,,,,,,,,,,,,,,,,,,,,,,,,,,,,,,,,,,,,,,,,,,,,,
es_wr_c1_33_29_3_lfr,inter_paragraph_v2_true_boundaries,398,parser_full_text,1,2.512562814070352,1.0,2.512562814070352,1.0,2.512562814070352,,,,,,,,,,,,,,,,,,,,,,,,,,,,,,,,,,,,,,,,,,,,,,,,,,,,,,,,,,
es_wr_c1_34_25_3_ams,inter_paragraph_v2_true_boundaries,416,parser_full_text,1,2.403846153846154,,,,,,,,,,,1.0,2.403846153846154,,,,,,,,,,,,,1.0,2.403846153846154,,,,,,,,,,,,,,,,,,,,,,,,,,,,,,,,,,,,
es_wr_c1_41_11_3_rmme,inter_paragraph_v2_true_boundaries,475,parser_full_text,1,2.1052631578947367,1.0,2.1052631578947367,,,,,,,,,,,1.0,2.1052631578947367,,,,,,,,,,,,,,,,,,,,,,,,,,,,,,,,,,,,,,,,,,,,,,,,
es_wr_c1_57_4_3_cmc,inter_paragraph_v2_true_boundaries,310,parser_full_text,1,3.225806451612903,1.0,3.225806451612903,,,,,1.0,3.225806451612903,,,,,,,,,,,,,,,,,,,,,,,,,,,,,,,,,,,,,,,,,,,,,,,,,,,,,,
es_wr_c1_60_2.5_14_fh,inter_paragraph_v2_true_boundaries,486,parser_full_text,2,4.11522633744856,2.0,4.11522633744856,,,,,,,,,,,2.0,4.11522633744856,,,,,,,,,,,,,,,,,,,,,,,,,,,,,,,,,,,,,,,,,,,,,,,,
es_wr_c2_18_13_3_mmf,inter_paragraph_v2_true_boundaries,512,parser_full_text,1,1.953125,1.0,1.953125,,,,,,,,,,,1.0,1.953125,,,,,,,,,,,,,,,,,,,,,,,,,,,,,,,,,,,,,,,,,,,,,,,,
es_wr_c2_19_13_14_psr,inter_paragraph_v2_true_boundaries,547,parser_full_text,2,3.656307129798903,1.0,1.8281535648994516,,,,,,,,,,,1.0,1.8281535648994516,,,,,,,,,,,,,1.0,1.8281535648994516,1.0,1.8281535648994516,,,,,,,,,,,,,,,,,,,,,,,,,,,,,,,,
es_wr_c2_19_13_3_aln,inter_paragraph_v2_true_boundaries,520,parser_full_text,1,1.9230769230769231,1.0,1.9230769230769231,,,,,1.0,1.9230769230769231,,,,,,,,,,,,,,,,,,,,,,,,,,,,,,,,,,,,,,,,,,,,,,,,,,,,,,
es_wr_c2_19_14_3_acd,inter_paragraph_v2_true_boundaries,309,parser_full_text,1,3.236245954692557,,,,,,,,,,,1.0,3.236245954692557,,,,,,,,,,,,,1.0,3.236245954692557,,,,,,,,,,,,,,,,,,,,,,,,,,,,,,,,,,,,
es_wr_c2_19_14_3_jrm,inter_paragraph_v2_true_boundaries,463,parser_full_text,1,2.1598272138228944,,,,,,,,,,,,,,,,,,,,,,,,,,,1.0,2.1598272138228944,1.0,2.1598272138228944,,,,,,,,,,,,,,,,,,,,,,,,,,,,,,,,
es_wr_c2_19_14_3_mmp,inter_paragraph_v2_true_boundaries,549,parser_full_text,1,1.8214936247723132,,,,,,,,,,,1.0,1.8214936247723132,,,,,,,,,,,,,1.0,1.8214936247723132,,,,,,,,,,,,,,,,,,,,,,,,,,,,,,,,,,,,
es_wr_c2_19_16_3_tmr,inter_paragraph_v2_true_boundaries,557,parser_full_text,2,3.5906642728904847,1.0,1.7953321364452424,,,,,,,,,,,1.0,1.7953321364452424,,,,,,,,,,,,,1.0,1.7953321364452424,1.0,1.7953321364452424,,,,,,,,,,,,,,,,,,,,,,,,,,,,,,,,
es_wr_c2_20_14_13_psr,inter_paragraph_v2_true_boundaries,395,parser_full_text,3,7.594936708860759,2.0,5.063291139240507,,,,,,,,,,,1.0,2.5316455696202533,,,,,1.0,2.5316455696202533,,,,,,,1.0,2.5316455696202533,1.0,2.5316455696202533,,,,,,,,,,,,,,,,,,,,,,,,,,,,,,,,
es_wr_c2_20_16_13_alc,inter_paragraph_v2_true_boundaries,426,parser_full_text,1,2.347417840375587,1.0,2.347417840375587,,,,,,,,,,,,,,,,,,,,,1.0,2.347417840375587,,,,,,,,,,,,,,,,,,,,,,,,,,,,,,,,,,,,,,
es_wr_c2_20_17_13_rmv,inter_paragraph_v2_true_boundaries,416,parser_full_text,1,2.403846153846154,,,,,,,,,,,,,,,,,,,,,,,,,,,1.0,2.403846153846154,1.0,2.403846153846154,,,,,,,,,,,,,,,,,,,,,,,,,,,,,,,,
es_wr_c2_20_17_13_sfp,inter_paragraph_v2_true_boundaries,340,parser_full_text,2,5.88235294117647,2.0,5.88235294117647,1.0,2.941176470588235,,,,,,,,,,,,,,,,,,,1.0,2.941176470588235,,,,,,,,,,,,,,,,,,,,,,,,,,,,,,,,,,,,,,
es_wr_c2_21_11_3_sb,inter_paragraph_v2_true_boundaries,406,parser_full_text,3,7.389162561576354,2.0,4.926108374384237,,,,,1.0,2.4630541871921183,,,,,,,,,,,,,,,,,,,1.0,2.4630541871921183,1.0,2.4630541871921183,,,,,,,,,,,1.0,2.4630541871921183,,,,,,,,,,,,,,,,,,,,
es_wr_c2_21_11_3_vfv,inter_paragraph_v2_true_boundaries,372,parser_full_text,1,2.688172043010753,1.0,2.688172043010753,,,,,,,,,,,,,,,,,,,,,,,,,,,,,,,,,,,,,,,1.0,2.688172043010753,,,,,,,,,,,,,,,,,,,,
es_wr_c2_21_15_13_smu,inter_paragraph_v2_true_boundaries,456,parser_full_text,1,2.1929824561403506,,,,,,,,,,,1.0,2.1929824561403506,,,,,,,,,,,,,1.0,2.1929824561403506,,,,,,,,,,,,,,,,,,,,,,,,,,,,,,,,,,,,
es_wr_c2_21_15_3_fjcg,inter_paragraph_v2_true_boundaries,353,parser_full_text,1,2.8328611898017,1.0,2.8328611898017,1.0,2.8328611898017,,,,,,,,,,,,,,,,,,,,,,,,,,,,,,,,,,,,,,,,,,,,,,,,,,,,,,,,,,
es_wr_c2_21_15_3_scr,inter_paragraph_v2_true_boundaries,466,parser_full_text,2,4.291845493562231,,,,,,,,,,,2.0,4.291845493562231,,,2.0,4.291845493562231,,,,,,,,,,,,,,,,,,,,,,,,,,,,,,,,,,,,,,,,,,,,,,
es_wr_c2_21_16_3_nmmb,inter_paragraph_v2_true_boundaries,545,parser_full_text,1,1.834862385321101,,,,,,,,,,,1.0,1.834862385321101,,,,,,,,,,,,,1.0,1.834862385321101,,,,,,,,,,,,,,,,,,,,,,,,,,,,,,,,,,,,
es_wr_c2_22_12_3_srb,inter_paragraph_v2_true_boundaries,303,parser_full_text,1,3.3003300330033003,1.0,3.3003300330033003,,,,,,,,,,,1.0,3.3003300330033003,,,,,,,,,,,,,,,,,,,,,,,,,,,,,,,,,,,,,,,,,,,,,,,,
es_wr_c2_22_16_3_mcr,inter_paragraph_v2_true_boundaries,490,parser_full_text,2,4.081632653061225,2.0,4.081632653061225,1.0,2.0408163265306123,,,,,,,,,,,,,,,,,,,,,,,,,,,,,,,,,,,,,,,,,,,,,,,,,1.0,2.0408163265306123,,,,,,,,
es_wr_c2_22_18_3_alc,inter_paragraph_v2_true_boundaries,396,parser_full_text,1,2.5252525252525255,1.0,2.5252525252525255,,,,,,,,,,,,,,,,,,,,,,,,,,,,,,,,,,,,,,,,,,,,,,,,,,,1.0,2.5252525252525255,,,,,,,,
es_wr_c2_22_19_3_man,inter_paragraph_v2_true_boundaries,519,parser_full_text,1,1.9267822736030829,1.0,1.9267822736030829,1.0,1.9267822736030829,,,,,,,,,,,,,,,,,,,,,,,,,,,,,,,,,,,,,,,,,,,,,,,,,,,,,,,,,,
es_wr_c2_23_17_3_db,inter_paragraph_v2_true_boundaries,384,parser_full_text,1,2.6041666666666665,1.0,2.6041666666666665,,,,,,,,,,,1.0,2.6041666666666665,,,,,,,,,,,,,,,,,,,,,,,,,,,,,,,,,,,,,,,,,,,,,,,,
es_wr_c2_23_17_3_sma,inter_paragraph_v2_true_boundaries,458,parser_full_text,3,6.550218340611353,3.0,6.550218340611353,1.0,2.1834061135371177,,,,,1.0,2.1834061135371177,,,1.0,2.1834061135371177,,,,,,,,,,,,,,,,,,,,,,,,,,,,,,,,,,,,,,,,,,,,,,,,
es_wr_c2_23_17_3_zi,inter_paragraph_v2_true_boundaries,489,parser_full_text,1,2.044989775051125,1.0,2.044989775051125,,,,,,,,,,,1.0,2.044989775051125,,,,,,,,,,,,,,,,,,,,,,,,,,,,,,,,,,,,,,,,,,,,,,,,
es_wr_c2_23_18_3_imms,inter_paragraph_v2_true_boundaries,592,parser_full_text,2,3.3783783783783785,1.0,1.6891891891891893,,,,,,,,,1.0,1.6891891891891893,1.0,1.6891891891891893,,,,,,,1.0,1.6891891891891893,,,,,,,,,,,,,,,,,,,,,,,,,,,,,,,,,,,,,,,,
es_wr_c2_24_19_3_imms,inter_paragraph_v2_true_boundaries,741,parser_full_text,2,2.6990553306342777,,,,,,,,,,,2.0,2.6990553306342777,,,,,,,,,,,,,2.0,2.6990553306342777,,,,,,,,,,,,,,,,,,,,,,,,,,,,,,,,,,,,
es_wr_c2_25_15_3_imms,inter_paragraph_v2_true_boundaries,738,parser_full_text,2,2.710027100271003,,,,,,,,,,,2.0,2.710027100271003,,,,,,,,,,,,,2.0,2.710027100271003,,,,,,,,,,,,,,,,,,,,,,,,,,,,,,,,,,,,
es_wr_c2_27_15_3_alr,inter_paragraph_v2_true_boundaries,544,parser_full_text,2,3.676470588235294,1.0,1.838235294117647,,,,,,,,,1.0,1.838235294117647,,,,,,,,,,,,,1.0,1.838235294117647,,,,,,,,,,,,,,,,,,,,,,,,,1.0,1.838235294117647,,,,,,,,,,
es_wr_c2_30_24_14_rsr,inter_paragraph_v2_true_boundaries,830,parser_full_text,1,1.2048192771084338,1.0,1.2048192771084338,,,,,,,,,,,1.0,1.2048192771084338,,,,,,,,,,,,,,,,,,,,,,,,,,,,,,,,,,,,,,,,,,,,,,,,
es_wr_c2_30_27_3_rclr,inter_paragraph_v2_true_boundaries,397,parser_full_text,1,2.5188916876574305,,,,,,,,,,,1.0,2.5188916876574305,,,,,,,,,,,,,1.0,2.5188916876574305,,,,,,,,,,,,,,,,,,,,,,,,,,,,,,,,,,,,
es_wr_c2_48_8_3_rjsg,inter_paragraph_v2_true_boundaries,471,parser_full_text,1,2.1231422505307855,1.0,2.1231422505307855,,,,,,,,,,,,,,,,,1.0,2.1231422505307855,,,,,,,,,,,,,,,,,,,,,,,,,,,,,,,,,,,,,,,,,,
es_wr_c2_57_49_14_mamc,inter_paragraph_v2_true_boundaries,565,parser_full_text,1,1.7699115044247788,,,,,,,,,,,1.0,1.7699115044247788,,,,,,,,,,,,,1.0,1.7699115044247788,,,,,,,,,,,,,,,,,,,,,,,,,,,,,,,,,,,,
et_wr_c1_41_8_14_ji,inter_paragraph_v2_true_boundaries,404,parser_full_text,1,2.4752475247524752,,,,,,,,,,,,,,,,,,,,,,,,,,,1.0,2.4752475247524752,1.0,2.4752475247524752,,,,,,,,,,,,,,,,,,,,,,,,,,,,,,,,
fr_wr_a2_19_7_14_rd,inter_paragraph_v2_true_boundaries,448,parser_full_text,1,2.232142857142857,1.0,2.232142857142857,,,,,,,,,,,1.0,2.232142857142857,,,,,,,,,,,,,,,,,,,,,,,,,,,,,,,,,,,,,,,,,,,,,,,,
fr_wr_b1_19_8.5_14_nd,inter_paragraph_v2_true_boundaries,661,parser_full_text,1,1.5128593040847202,1.0,1.5128593040847202,,,,,,,,,,,1.0,1.5128593040847202,,,,,,,,,,,,,,,,,,,,,,,,,,,,,,,,,,,,,,,,,,,,,,,,
it_wr_a2_19_14_14_dg,inter_paragraph_v2_true_boundaries,307,parser_full_text,1,3.257328990228013,1.0,3.257328990228013,1.0,3.257328990228013,,,,,,,,,,,,,,,,,,,,,,,,,,,,,,,,,,,,,,,,,,,,,,,,,,,,,,,,,,
it_wr_a2_19_14_14_ls,inter_paragraph_v2_true_boundaries,381,parser_full_text,2,5.2493438320209975,2.0,5.2493438320209975,1.0,2.6246719160104988,,,,,,,,,1.0,2.6246719160104988,,,,,,,,,,,,,,,,,,,,,,,,,,,,,,,,,,,,,,,,,,,,,,,,
it_wr_b1_19_13_14_au,inter_paragraph_v2_true_boundaries,422,parser_full_text,2,4.739336492890995,2.0,4.739336492890995,,,,,,,,,,,2.0,4.739336492890995,,,,,,,,,,,,,,,,,,,,,,,,,,,,,,,,,,,,,,,,,,,,,,,,
it_wr_b1_19_13_14_lb,inter_paragraph_v2_true_boundaries,371,parser_full_text,2,5.3908355795148255,1.0,2.6954177897574128,,,,,,,,,1.0,2.6954177897574128,,,,,,,1.0,2.6954177897574128,,,,,1.0,2.6954177897574128,,,,,,,,,,,,,,,,,,,,,,,,,,,,,,,,,,,,
it_wr_b1_19_14_14_gc,inter_paragraph_v2_true_boundaries,485,parser_full_text,3,6.185567010309278,2.0,4.123711340206186,,,,,,,,,,,1.0,2.061855670103093,,,,,1.0,2.061855670103093,,,,,,,1.0,2.061855670103093,,,,,,,,,,,,,,,,,,,,,1.0,2.061855670103093,,,,,,,,,,,,
it_wr_b1_19_14_14_mc,inter_paragraph_v2_true_boundaries,437,parser_full_text,2,4.576659038901602,2.0,4.576659038901602,1.0,2.288329519450801,,,,,1.0,2.288329519450801,,,,,,,,,,,,,,,,,,,,,,,,,,,,,,,,,,,,,,,,,,,,,,,,,,,,
it_wr_b1_20_13_14_am,inter_paragraph_v2_true_boundaries,351,parser_full_text,2,5.698005698005698,2.0,5.698005698005698,1.0,2.849002849002849,,,,,,,,,1.0,2.849002849002849,,,,,,,,,,,,,,,,,,,,,,,,,,,,,,,,,,,,,,,,,,,,,,,,
it_wr_b1_20_13_14_mb,inter_paragraph_v2_true_boundaries,357,parser_full_text,1,2.8011204481792715,,,,,,,,,,,,,,,,,,,,,,,,,,,1.0,2.8011204481792715,1.0,2.8011204481792715,,,,,,,,,,,,,,,,,,,,,,,,,,,,,,,,
it_wr_b1_20_14_14_ii,inter_paragraph_v2_true_boundaries,427,parser_full_text,1,2.34192037470726,1.0,2.34192037470726,,,,,,,,,,,1.0,2.34192037470726,,,,,,,,,,,,,,,,,,,,,,,,,,,,,,,,,,,,,,,,,,,,,,,,
it_wr_b1_20_14_14_mc,inter_paragraph_v2_true_boundaries,404,parser_full_text,4,9.900990099009901,4.0,9.900990099009901,,,,,,,,,,,3.0,7.425742574257425,,,,,1.0,2.4752475247524752,,,,,,,,,,,,,,,,,,,,,,,,,,,,,,,,,,,,,,,,,,
it_wr_b1_20_14_14_ms,inter_paragraph_v2_true_boundaries,349,parser_full_text,1,2.865329512893983,1.0,2.865329512893983,,,,,,,,,,,,,,,,,1.0,2.865329512893983,,,,,,,,,,,,,,,,,,,,,,,,,,,,,,,,,,,,,,,,,,
it_wr_b1_20_15_14_ma,inter_paragraph_v2_true_boundaries,418,parser_full_text,2,4.784688995215311,2.0,4.784688995215311,,,,,,,,,,,2.0,4.784688995215311,,,,,,,,,,,,,,,,,,,,,,,,,,,,,,,,,,,,,,,,,,,,,,,,
it_wr_b1_21_10_14_xxxy,inter_paragraph_v2_true_boundaries,459,parser_full_text,2,4.357298474945535,2.0,4.357298474945535,,,,,,,,,,,2.0,4.357298474945535,,,,,,,,,,,,,,,,,,,,,,,,,,,,,,,,,,,,,,,,,,,,,,,,
it_wr_b1_23_12_14_ad,inter_paragraph_v2_true_boundaries,393,parser_full_text,1,2.544529262086514,1.0,2.544529262086514,1.0,2.544529262086514,,,,,,,,,,,,,,,,,,,,,,,,,,,,,,,,,,,,,,,,,,,,,,,,,,,,,,,,,,
it_wr_b1_26_13_14_cf,inter_paragraph_v2_true_boundaries,314,parser_full_text,1,3.1847133757961785,1.0,3.1847133757961785,,,,,,,,,,,1.0,3.1847133757961785,,,,,,,,,,,,,,,,,,,,,,,,,,,,,,,,,,,,,,,,,,,,,,,,
it_wr_b2_19_13_14_ab,inter_paragraph_v2_true_boundaries,536,parser_full_text,3,5.597014925373134,2.0,3.7313432835820897,,,,,,,,,,,2.0,3.7313432835820897,,,,,,,,,,,,,1.0,1.8656716417910448,1.0,1.8656716417910448,,,,,,,,,,,,,,,,,,,,,,,,,,,,,,,,
it_wr_b2_19_13_14_bs,inter_paragraph_v2_true_boundaries,441,parser_full_text,4,9.070294784580499,3.0,6.802721088435374,,,,,,,,,1.0,2.2675736961451247,2.0,4.535147392290249,,,,,,,,,,,1.0,2.2675736961451247,,,,,,,,,,,,,,,,,,,,,,,,,1.0,2.2675736961451247,,,,,,,,,,
it_wr_b2_19_13_14_dc,inter_paragraph_v2_true_boundaries,344,parser_full_text,3,8.720930232558139,3.0,8.720930232558139,1.0,2.9069767441860463,,,,,,,,,2.0,5.813953488372093,,,,,,,,,,,,,,,,,,,,,,,,,,,,,,,,,,,,,,,,,,,,,,,,
it_wr_b2_19_13_14_fr,inter_paragraph_v2_true_boundaries,427,parser_full_text,1,2.34192037470726,,,,,,,,,,,1.0,2.34192037470726,,,1.0,2.34192037470726,,,,,,,,,,,,,,,,,,,,,,,,,,,,,,,,,,,,,,,,,,,,,,
it_wr_b2_19_13_14_mm,inter_paragraph_v2_true_boundaries,339,parser_full_text,2,5.899705014749262,2.0,5.899705014749262,1.0,2.949852507374631,,,,,,,,,1.0,2.949852507374631,,,,,,,,,,,,,,,,,,,,,,,,,,,,,,,,,,,,,,,,,,,,,,,,
it_wr_b2_19_13_14_ni,inter_paragraph_v2_true_boundaries,295,parser_full_text,1,3.389830508474576,1.0,3.389830508474576,,,,,,,,,,,,,,,,,1.0,3.389830508474576,,,,,,,,,,,,,,,,,,,,,,,,,,,,,,,,,,,,,,,,,,
it_wr_b2_19_14_14_ad,inter_paragraph_v2_true_boundaries,320,parser_full_text,1,3.125,1.0,3.125,1.0,3.125,,,,,,,,,,,,,,,,,,,,,,,,,,,,,,,,,,,,,,,,,,,,,,,,,,,,,,,,,,
it_wr_b2_19_14_14_bc,inter_paragraph_v2_true_boundaries,430,parser_full_text,2,4.651162790697675,1.0,2.3255813953488373,,,,,,,,,1.0,2.3255813953488373,1.0,2.3255813953488373,,,,,,,,,,,1.0,2.3255813953488373,,,,,,,,,,,,,,,,,,,,,,,,,,,,,,,,,,,,
it_wr_b2_19_14_14_bgg,inter_paragraph_v2_true_boundaries,283,parser_full_text,1,3.5335689045936394,1.0,3.5335689045936394,1.0,3.5335689045936394,,,,,,,,,,,,,,,,,,,,,,,,,,,,,,,,,,,,,,,,,,,,,,,,,,,,,,,,,,
it_wr_b2_19_14_14_bm,inter_paragraph_v2_true_boundaries,378,parser_full_text,1,2.6455026455026456,1.0,2.6455026455026456,,,,,,,,,,,1.0,2.6455026455026456,,,,,,,,,,,,,,,,,,,,,,,,,,,,,,,,,,,,,,,,,,,,,,,,
it_wr_b2_19_14_14_cv,inter_paragraph_v2_true_boundaries,435,parser_full_text,2,4.597701149425287,2.0,4.597701149425287,,,,,,,,,,,,,,,2.0,4.597701149425287,,,,,,,,,,,,,,,,,,,,,,,,,,,,,,,,,,,,,,,,,,,,
it_wr_b2_19_14_14_meb,inter_paragraph_v2_true_boundaries,290,parser_full_text,1,3.4482758620689653,1.0,3.4482758620689653,1.0,3.4482758620689653,,,,,,,,,,,,,,,,,,,,,,,,,,,,,,,,,,,,,,,,,,,,,,,,,,,,,,,,,,
it_wr_b2_19_14_14_mp,inter_paragraph_v2_true_boundaries,629,parser_full_text,6,9.538950715421302,2.0,3.179650238473768,,,,,,,,,2.0,3.179650238473768,1.0,1.589825119236884,1.0,1.589825119236884,1.0,1.589825119236884,,,,,,,1.0,1.589825119236884,2.0,3.179650238473768,2.0,3.179650238473768,,,,,,,,,,,,,,,,,,,,,,,,,,,,,,,,
it_wr_b2_19_14_14_xxxab,inter_paragraph_v2_true_boundaries,637,parser_full_text,6,9.419152276295133,2.0,3.1397174254317113,,,,,,,,,4.0,6.279434850863423,2.0,3.1397174254317113,,,,,,,,,,,4.0,6.279434850863423,,,,,,,,,,,,,,,,,,,,,,,,,,,,,,,,,,,,
it_wr_b2_19_15_14_vb,inter_paragraph_v2_true_boundaries,458,parser_full_text,2,4.366812227074235,1.0,2.1834061135371177,,,,,,,,,1.0,2.1834061135371177,1.0,2.1834061135371177,,,,,,,,,,,1.0,2.1834061135371177,,,,,,,,,,,,,,,,,,,,,,,,,,,,,,,,,,,,
it_wr_b2_19_6_14_mz,inter_paragraph_v2_true_boundaries,353,parser_full_text,3,8.4985835694051,1.0,2.8328611898017,,,,,,,,,2.0,5.6657223796034,,,,,,,1.0,2.8328611898017,,,,,2.0,5.6657223796034,,,,,,,,,,,,,,,,,,,,,,,,,,,,,,,,,,,,
it_wr_b2_19_8_14_ff,inter_paragraph_v2_true_boundaries,509,parser_full_text,1,1.9646365422396854,,,,,,,,,,,,,,,,,,,,,,,,,,,1.0,1.9646365422396854,1.0,1.9646365422396854,,,,,,,,,,,,,,,,,,,,,,,,,,,,,,,,
it_wr_b2_19_9_14_bm,inter_paragraph_v2_true_boundaries,441,parser_full_text,1,2.2675736961451247,1.0,2.2675736961451247,1.0,2.2675736961451247,,,,,,,,,,,,,,,,,,,,,,,,,,,,,,,,,,,,,,,,,,,,,,,,,,,,,,,,,,
it_wr_b2_20_12_14_nc,inter_paragraph_v2_true_boundaries,407,parser_full_text,1,2.457002457002457,1.0,2.457002457002457,,,,,,,,,,,1.0,2.457002457002457,,,,,,,,,,,,,,,,,,,,,,,,,,,,,,,,,,,,,,,,,,,,,,,,
it_wr_b2_20_13_14_bb,inter_paragraph_v2_true_boundaries,515,parser_full_text,2,3.883495145631068,2.0,3.883495145631068,,,,,,,,,,,2.0,3.883495145631068,,,,,,,,,,,,,,,,,,,,,,,,,,,,,,,,,,,,,,,,,,,,,,,,
it_wr_b2_20_14_14_aa,inter_paragraph_v2_true_boundaries,515,parser_full_text,1,1.941747572815534,,,,,,,,,,,,,,,,,,,,,,,,,,,1.0,1.941747572815534,1.0,1.941747572815534,,,,,,,,,,,,,,,,,,,,,,,,,,,,,,,,
it_wr_b2_20_14_14_cg,inter_paragraph_v2_true_boundaries,414,parser_full_text,2,4.830917874396135,2.0,4.830917874396135,1.0,2.4154589371980677,,,,,,,,,1.0,2.4154589371980677,,,,,,,,,,,,,,,,,,,,,,,,,,,,,,,,,,,,,,,,,,,,,,,,
it_wr_b2_20_14_14_gb,inter_paragraph_v2_true_boundaries,438,parser_full_text,2,4.5662100456621,2.0,4.5662100456621,,,,,,,,,,,2.0,4.5662100456621,,,,,,,,,,,,,,,,,,,,,,,,,,,,,,,,,,,,,,,,,,,,,,,,
it_wr_b2_20_14_14_mj,inter_paragraph_v2_true_boundaries,327,parser_full_text,2,6.116207951070336,2.0,6.116207951070336,1.0,3.058103975535168,,,,,,,,,1.0,3.058103975535168,,,,,,,,,,,,,,,,,,,,,,,,,,,,,,,,,,,,,,,,,,,,,,,,
it_wr_b2_20_14_14_sl,inter_paragraph_v2_true_boundaries,452,parser_full_text,2,4.424778761061947,1.0,2.2123893805309733,1.0,2.2123893805309733,,,,,,,1.0,2.2123893805309733,,,,,,,,,,,,,1.0,2.2123893805309733,,,,,,,,,,,,,,,,,,,,,,,,,,,,,,,,,,,,
it_wr_b2_20_14_14_vd,inter_paragraph_v2_true_boundaries,459,parser_full_text,2,4.357298474945535,1.0,2.1786492374727673,,,,,,,,,1.0,2.1786492374727673,1.0,2.1786492374727673,,,,,,,,,,,1.0,2.1786492374727673,,,,,,,,,,,,,,,,,,,,,,,,,,,,,,,,,,,,
it_wr_b2_20_15_14_gb,inter_paragraph_v2_true_boundaries,365,parser_full_text,1,2.73972602739726,1.0,2.73972602739726,,,,,,,,,,,1.0,2.73972602739726,,,,,,,,,,,,,,,,,,,,,,,,,,,,,,,,,,,,,,,,,,,,,,,,
it_wr_b2_20_15_14_sz,inter_paragraph_v2_true_boundaries,414,parser_full_text,2,4.830917874396135,1.0,2.4154589371980677,,,,,,,,,,,1.0,2.4154589371980677,,,,,,,,,,,,,1.0,2.4154589371980677,1.0,2.4154589371980677,,,,,,,,,,,,,,,,,,,,,,,,,,,,,,,,
it_wr_b2_20_5_14_sm,inter_paragraph_v2_true_boundaries,454,parser_full_text,1,2.2026431718061676,1.0,2.2026431718061676,,,,,,,,,,,1.0,2.2026431718061676,,,,,,,,,,,,,,,,,,,,,,,,,,,,,,,,,,,,,,,,,,,,,,,,
it_wr_b2_20_8_14_mm,inter_paragraph_v2_true_boundaries,373,parser_full_text,1,2.680965147453083,1.0,2.680965147453083,,,,,,,,,,,1.0,2.680965147453083,,,,,,,,,,,,,,,,,,,,,,,,,,,,,,,,,,,,,,,,,,,,,,,,
it_wr_b2_21_15_14_db,inter_paragraph_v2_true_boundaries,337,parser_full_text,1,2.967359050445104,1.0,2.967359050445104,,,,,,,,,,,1.0,2.967359050445104,,,,,,,,,,,,,,,,,,,,,,,,,,,,,,,,,,,,,,,,,,,,,,,,
it_wr_b2_21_16_14_ab,inter_paragraph_v2_true_boundaries,425,parser_full_text,1,2.352941176470588,,,,,,,,,,,,,,,,,,,,,,,,,,,1.0,2.352941176470588,1.0,2.352941176470588,,,,,,,,,,,,,,,,,,,,,,,,,,,,,,,,
it_wr_b2_34_17_14_es,inter_paragraph_v2_true_boundaries,349,parser_full_text,1,2.865329512893983,1.0,2.865329512893983,,,,,,,,,,,1.0,2.865329512893983,,,,,,,,,,,,,,,,,,,,,,,,,,,,,,,,,,,,,,,,,,,,,,,,
it_wr_c1_19_12_14_am,inter_paragraph_v2_true_boundaries,407,parser_full_text,1,2.457002457002457,1.0,2.457002457002457,,,,,,,,,,,1.0,2.457002457002457,,,,,,,,,,,,,,,,,,,,,,,,,,,,,,,,,,,,,,,,,,,,,,,,
it_wr_c1_19_12_14_ef,inter_paragraph_v2_true_boundaries,306,parser_full_text,1,3.2679738562091503,1.0,3.2679738562091503,,,,,,,,,,,1.0,3.2679738562091503,,,,,,,,,,,,,,,,,,,,,,,,,,,,,,,,,,,,,,,,,,,,,,,,
it_wr_c1_19_13_14_al,inter_paragraph_v2_true_boundaries,380,parser_full_text,2,5.263157894736842,2.0,5.263157894736842,,,,,,,,,,,1.0,2.631578947368421,,,1.0,2.631578947368421,,,,,,,,,,,,,,,,,,,,,,,,,,,,,,,,,,,,,,,,,,,,
it_wr_c1_19_13_14_im,inter_paragraph_v2_true_boundaries,459,parser_full_text,2,4.357298474945535,2.0,4.357298474945535,,,,,,,,,,,1.0,2.1786492374727673,,,1.0,2.1786492374727673,,,,,,,,,,,,,,,,,,,,,,,,,,,,,,,,,,,,,,,,,,,,
it_wr_c1_19_14_14_ab,inter_paragraph_v2_true_boundaries,362,parser_full_text,1,2.7624309392265194,1.0,2.7624309392265194,1.0,2.7624309392265194,,,,,,,,,,,,,,,,,,,,,,,,,,,,,,,,,,,,,,,,,,,,,,,,,,,,,,,,,,
it_wr_c1_19_14_14_acc,inter_paragraph_v2_true_boundaries,458,parser_full_text,2,4.366812227074235,1.0,2.1834061135371177,,,,,,,,,1.0,2.1834061135371177,1.0,2.1834061135371177,,,,,,,,,,,1.0,2.1834061135371177,,,,,,,,,,,,,,,,,,,,,,,,,,,,,,,,,,,,
it_wr_c1_19_15_14_fm,inter_paragraph_v2_true_boundaries,599,parser_full_text,4,6.67779632721202,2.0,3.33889816360601,1.0,1.669449081803005,,,,,,,2.0,3.33889816360601,,,2.0,3.33889816360601,,,1.0,1.669449081803005,,,,,,,,,,,,,,,,,,,,,,,,,,,,,,,,,,,,,,,,,,
it_wr_c1_19_16_14_sd,inter_paragraph_v2_true_boundaries,455,parser_full_text,1,2.197802197802198,,,,,,,,,,,1.0,2.197802197802198,,,,,,,,,,,,,1.0,2.197802197802198,,,,,,,,,,,,,,,,,,,,,,,,,,,,,,,,,,,,
it_wr_c1_20_10_14_fv,inter_paragraph_v2_true_boundaries,334,parser_full_text,1,2.9940119760479043,1.0,2.9940119760479043,,,,,,,,,,,1.0,2.9940119760479043,,,,,,,,,,,,,,,,,,,,,,,,,,,,,,,,,,,,,,,,,,,,,,,,
it_wr_c1_20_13_14_gp,inter_paragraph_v2_true_boundaries,397,parser_full_text,3,7.556675062972292,3.0,7.556675062972292,1.0,2.5188916876574305,,,,,,,,,,,,,,,1.0,2.5188916876574305,,,,,,,,,,,,,,,,,1.0,2.5188916876574305,,,,,,,,,,,,,,,,,,,,,,,,
it_wr_c1_20_14_14_bn,inter_paragraph_v2_true_boundaries,898,parser_full_text,1,1.1135857461024499,1.0,1.1135857461024499,,,,,1.0,1.1135857461024499,,,,,,,,,,,,,,,,,,,,,,,,,,,,,,,,,,,,,,,,,,,,,,,,,,,,,,
it_wr_c1_20_14_14_dc,inter_paragraph_v2_true_boundaries,447,parser_full_text,1,2.237136465324385,1.0,2.237136465324385,,,,,,,,,,,1.0,2.237136465324385,,,,,,,,,,,,,,,,,,,,,,,,,,,,,,,,,,,,,,,,,,,,,,,,
it_wr_c1_20_14_14_id,inter_paragraph_v2_true_boundaries,369,parser_full_text,1,2.710027100271003,1.0,2.710027100271003,,,,,,,,,,,1.0,2.710027100271003,,,,,,,,,,,,,,,,,,,,,,,,,,,,,,,,,,,,,,,,,,,,,,,,
it_wr_c1_20_14_14_sc,inter_paragraph_v2_true_boundaries,502,parser_full_text,1,1.9920318725099602,1.0,1.9920318725099602,,,,,,,,,,,1.0,1.9920318725099602,,,,,,,,,,,,,,,,,,,,,,,,,,,,,,,,,,,,,,,,,,,,,,,,
it_wr_c1_20_14_14_xxxb,inter_paragraph_v2_true_boundaries,362,parser_full_text,1,2.7624309392265194,1.0,2.7624309392265194,1.0,2.7624309392265194,,,,,,,,,,,,,,,,,,,,,,,,,,,,,,,,,,,,,,,,,,,,,,,,,,,,,,,,,,
it_wr_c1_20_14_14_xxxm,inter_paragraph_v2_true_boundaries,390,parser_full_text,1,2.5641025641025643,1.0,2.5641025641025643,,,,,,,,,,,1.0,2.5641025641025643,,,,,,,,,,,,,,,,,,,,,,,,,,,,,,,,,,,,,,,,,,,,,,,,
it_wr_c1_20_15_14_ef,inter_paragraph_v2_true_boundaries,527,parser_full_text,1,1.8975332068311195,1.0,1.8975332068311195,,,,,,,,,,,,,,,,,,,,,,,,,,,,,,,,,,,,,,,1.0,1.8975332068311195,,,,,,,,,,,,,,,,,,,,
it_wr_c1_20_9_14_vm,inter_paragraph_v2_true_boundaries,443,parser_full_text,1,2.257336343115124,,,,,,,,,,,,,,,,,,,,,,,,,,,1.0,2.257336343115124,1.0,2.257336343115124,,,,,,,,,,,,,,,,,,,,,,,,,,,,,,,,
it_wr_c1_21_15_14_hoa,inter_paragraph_v2_true_boundaries,396,parser_full_text,1,2.5252525252525255,,,,,,,,,,,1.0,2.5252525252525255,,,,,,,,,,,,,1.0,2.5252525252525255,,,,,,,,,,,,,,,,,,,,,,,,,,,,,,,,,,,,
it_wr_c1_22_15_14_ed,inter_paragraph_v2_true_boundaries,494,parser_full_text,1,2.0242914979757085,1.0,2.0242914979757085,,,,,,,,,,,1.0,2.0242914979757085,,,,,,,,,,,,,,,,,,,,,,,,,,,,,,,,,,,,,,,,,,,,,,,,
it_wr_c1_22_16_14_tr,inter_paragraph_v2_true_boundaries,473,parser_full_text,1,2.1141649048625792,1.0,2.1141649048625792,,,,,,,,,,,1.0,2.1141649048625792,,,,,,,,,,,,,,,,,,,,,,,,,,,,,,,,,,,,,,,,,,,,,,,,
it_wr_c1_22_18_14_ab,inter_paragraph_v2_true_boundaries,538,parser_full_text,1,1.858736059479554,1.0,1.858736059479554,,,,,,,,,,,1.0,1.858736059479554,,,,,,,,,,,,,,,,,,,,,,,,,,,,,,,,,,,,,,,,,,,,,,,,
it_wr_c1_23_14_14_rcf,inter_paragraph_v2_true_boundaries,466,parser_full_text,1,2.1459227467811157,1.0,2.1459227467811157,1.0,2.1459227467811157,,,,,,,,,,,,,,,,,,,,,,,,,,,,,,,,,,,,,,,,,,,,,,,,,,,,,,,,,,
it_wr_c1_35_10_14_nb,inter_paragraph_v2_true_boundaries,496,parser_full_text,2,4.032258064516129,1.0,2.0161290322580645,,,,,,,,,1.0,2.0161290322580645,,,,,,,,,,,,,1.0,2.0161290322580645,,,,,,,,,,,1.0,2.0161290322580645,,,,,,,,,,,,,,,,,,,,,,,,
it_wr_c2_20_13_14_gc,inter_paragraph_v2_true_boundaries,397,parser_full_text,2,5.037783375314861,2.0,5.037783375314861,1.0,2.5188916876574305,,,,,,,,,1.0,2.5188916876574305,,,,,,,,,,,,,,,,,,,,,,,,,,,,,,,,,,,,,,,,,,,,,,,,
tr_wr_c2_25_15_14_hg,inter_paragraph_v2_true_boundaries,469,parser_full_text,1,2.1321961620469083,1.0,2.1321961620469083,1.0,2.1321961620469083,,,,,,,,,,,,,,,,,,,,,,,,,,,,,,,,,,,,,,,,,,,,,,,,,,,,,,,,,,
