text_id,taxis,n_cases
gig_1,hypotactic,6
gig_1,paratactic,5
gig_1000a,hypotactic,1
gig_1000b,hypotactic,6
gig_1000b,paratactic,1
gig_1000c,hypotactic,6
gig_1000c,paratactic,1
gig_1000d,hypotactic,3
gig_1000e,hypotactic,5
gig_1000e,paratactic,1
gig_1001a,hypotactic,2
gig_1001a,paratactic,2
gig_1001c,hypotactic,4
gig_1001c,paratactic,1
gig_1001d,hypotactic,1
gig_1001d,paratactic,2
gig_1001e,hypotactic,4
gig_1002a,hypotactic,7
gig_1002a,paratactic,2
gig_1002b,hypotactic,2
gig_1003,hypotactic,1
gig_1003,paratactic,5
gig_1004,hypotactic,6
gig_1004,paratactic,1
gig_1005a,hypotactic,1
gig_1005a,paratactic,1
gig_1005b,hypotactic,3
gig_1005c,hypotactic,10
gig_1005c,paratactic,6
gig_1006a,hypotactic,5
gig_1006a,paratactic,6
gig_1006b,hypotactic,3
gig_1006b,paratactic,1
gig_1007a,hypotactic,2
gig_1007a,paratactic,1
gig_1007b,hypotactic,4
gig_1007b,paratactic,5
gig_1008,paratactic,2
gig_1009,hypotactic,6
gig_100a,hypotactic,7
gig_100a,paratactic,4
gig_100b,hypotactic,3
gig_100b,paratactic,5
gig_1010a,hypotactic,18
gig_1010a,paratactic,12
gig_1010b,hypotactic,14
gig_1010b,paratactic,5
gig_1010c,hypotactic,13
gig_1010c,paratactic,10
gig_1011,hypotactic,6
gig_1011,paratactic,1
gig_1012,hypotactic,8
gig_1012,paratactic,6
gig_1013,hypotactic,4
gig_1014a,hypotactic,3
gig_1014a,paratactic,3
gig_1014b,hypotactic,8
gig_1014b,paratactic,3
gig_1014c,hypotactic,5
gig_1014c,paratactic,1
gig_1015a,hypotactic,18
gig_1015a,paratactic,7
gig_1015b,hypotactic,14
gig_1015b,paratactic,11
gig_1015c,hypotactic,2
gig_1015c,paratactic,4
gig_1015d,hypotactic,17
gig_1015d,paratactic,12
gig_1015e,hypotactic,13
gig_1015e,paratactic,9
gig_1015f,hypotactic,3
gig_1015f,paratactic,4
gig_1015g,hypotactic,3
gig_1015g,paratactic,3
gig_1015h,hypotactic,6
gig_1015h,paratactic,7
gig_1015i,hypotactic,21
gig_1015i,paratactic,1
gig_1015j,hypotactic,8
gig_1015j,paratactic,2
gig_1015k,hypotactic,10
gig_1015k,paratactic,5
gig_1015l,hypotactic,1
gig_1015l,paratactic,2
gig_1015m,hypotactic,4
gig_1015m,paratactic,3
gig_1015n,hypotactic,10
gig_1015n,paratactic,1
gig_1015o,hypotactic,16
gig_1015o,paratactic,5
gig_1015p,hypotactic,8
gig_1015q,hypotactic,18
gig_1015q,paratactic,8
gig_1016a,hypotactic,3
gig_1016a,paratactic,2
gig_1016b,hypotactic,3
gig_1016b,paratactic,3
gig_1016c,hypotactic,1
gig_1016d,hypotactic,4
gig_1016d,paratactic,4
gig_1017a,hypotactic,3
gig_1017a,paratactic,1
gig_1017b,hypotactic,5
gig_1017b,paratactic,3
gig_1017c,hypotactic,8
gig_1017d,hypotactic,2
gig_1017e,hypotactic,2
gig_1017e,paratactic,1
gig_1017f,hypotactic,3
gig_1017f,paratactic,1
gig_1017g,hypotactic,4
gig_1017g,paratactic,5
gig_1017h,hypotactic,8
gig_1017h,paratactic,5
gig_1017i,hypotactic,11
gig_1017i,paratactic,3
gig_1017j,hypotactic,6
gig_1017j,paratactic,2
gig_1017k,hypotactic,7
gig_1017k,paratactic,4
gig_1017m,hypotactic,2
gig_1017n,hypotactic,9
gig_1017n,paratactic,2
gig_1017o,hypotactic,10
gig_1017o,paratactic,2
gig_1017p,hypotactic,2
gig_1017p,paratactic,1
gig_1017q,hypotactic,5
gig_1017r,hypotactic,3
gig_1017r,paratactic,2
gig_1017s,hypotactic,2
gig_1017s,paratactic,1
gig_1017t,hypotactic,6
gig_1017t,paratactic,2
gig_1017u,hypotactic,3
gig_1017u,paratactic,1
gig_1018a,hypotactic,1
gig_1018a,paratactic,2
gig_1018b,hypotactic,5
gig_1018b,paratactic,1
gig_1018c,hypotactic,7
gig_1018c,paratactic,8
gig_1018d,hypotactic,5
gig_1018e,hypotactic,9
gig_1018e,paratactic,7
gig_1019a,hypotactic,7
gig_1019a,paratactic,3
gig_1019b,hypotactic,4
gig_1019b,paratactic,3
gig_1019c,paratactic,2
gig_1019d,hypotactic,7
gig_1019d,paratactic,8
gig_1019e,hypotactic,3
gig_1019e,paratactic,2
gig_1019f,hypotactic,2
gig_1019f,paratactic,2
gig_1019g,hypotactic,4
gig_1019g,paratactic,3
gig_1019h,hypotactic,1
gig_1019h,paratactic,1
gig_1019i,hypotactic,4
gig_1019i,paratactic,1
gig_1019j,paratactic,1
gig_1019k,hypotactic,6
gig_1019k,paratactic,3
gig_1019l,hypotactic,6
gig_1019l,paratactic,3
gig_1019m,hypotactic,7
gig_1019m,paratactic,2
gig_101a,hypotactic,2
gig_101b,hypotactic,6
gig_101b,paratactic,3
gig_101c,hypotactic,5
gig_101c,paratactic,1
gig_1020a,hypotactic,1
gig_1020a,paratactic,3
gig_1020b,hypotactic,4
gig_1020b,paratactic,1
gig_1020c,paratactic,1
gig_1020d,hypotactic,13
gig_1020e,hypotactic,4
gig_1020g,hypotactic,4
gig_1020g,paratactic,5
gig_1020h,hypotactic,3
gig_1020h,paratactic,3
gig_1020i,hypotactic,3
gig_1020i,paratactic,6
gig_1020j,hypotactic,4
gig_1020j,paratactic,1
gig_1020k,hypotactic,6
gig_1020k,paratactic,3
gig_1020l,paratactic,1
gig_1020m,paratactic,3
gig_1021a,hypotactic,5
gig_1021a,paratactic,1
gig_1021b,hypotactic,4
gig_1021b,paratactic,2
gig_1021c,hypotactic,7
gig_1021c,paratactic,6
gig_1021d,hypotactic,2
gig_1021d,paratactic,6
gig_1021e,hypotactic,1
gig_1022a,hypotactic,2
gig_1022a,paratactic,3
gig_1022b,hypotactic,14
gig_1022b,paratactic,4
gig_1022c,hypotactic,3
gig_1022c,paratactic,3
gig_1022d,hypotactic,16
gig_1022d,paratactic,6
gig_1022e,hypotactic,14
gig_1022e,paratactic,10
gig_1022f,hypotactic,3
gig_1022f,paratactic,7
gig_1022g,hypotactic,2
gig_1022g,paratactic,4
gig_1022h,hypotactic,3
gig_1022i,hypotactic,6
gig_1022i,paratactic,6
gig_1022j,hypotactic,4
gig_1022j,paratactic,5
gig_1022k,hypotactic,2
gig_1022k,paratactic,1
gig_1022l,hypotactic,9
gig_1022l,paratactic,4
gig_1022m,hypotactic,2
gig_1022m,paratactic,1
gig_1023a,hypotactic,6
gig_1023a,paratactic,1
gig_1023b,hypotactic,1
gig_1023b,paratactic,1
gig_1023c,hypotactic,7
gig_1023c,paratactic,4
gig_1023d,hypotactic,8
gig_1023d,paratactic,3
gig_1023e,hypotactic,5
gig_1023e,paratactic,2
gig_1023f,hypotactic,4
gig_1023f,paratactic,2
gig_1023g,hypotactic,4
gig_1023g,paratactic,6
gig_1023h,hypotactic,1
gig_1023i,hypotactic,6
gig_1023i,paratactic,3
gig_1023j,hypotactic,1
gig_1023j,paratactic,2
gig_1023k,hypotactic,5
gig_1023k,paratactic,4
gig_1023l,paratactic,2
gig_1023m,hypotactic,3
gig_1023m,paratactic,1
gig_1023n,hypotactic,1
gig_1023n,paratactic,1
gig_1023o,hypotactic,1
gig_1023o,paratactic,1
gig_1023p,hypotactic,2
gig_1023p,paratactic,1
gig_1023q,paratactic,1
gig_1024a,hypotactic,4
gig_1024a,paratactic,3
gig_1024b,hypotactic,10
gig_1024b,paratactic,4
gig_1024c,hypotactic,9
gig_1024c,paratactic,2
gig_1024d,hypotactic,9
gig_1024d,paratactic,1
gig_1027a,hypotactic,9
gig_1027a,paratactic,4
gig_1027b,paratactic,1
gig_1027c,hypotactic,3
gig_1027c,paratactic,1
gig_1027d,hypotactic,2
gig_1027d,paratactic,1
gig_1027e,hypotactic,8
gig_1028a,hypotactic,9
gig_1028a,paratactic,3
gig_1028b,hypotactic,6
gig_1028b,paratactic,1
gig_1029a,hypotactic,14
gig_1029a,paratactic,13
gig_1029b,hypotactic,3
gig_1029b,paratactic,2
gig_1029c,hypotactic,3
gig_1029c,paratactic,7
gig_1029d,hypotactic,4
gig_1029e,hypotactic,4
gig_1029e,paratactic,4
gig_1029f,hypotactic,5
gig_1029f,paratactic,4
gig_102a,hypotactic,4
gig_102a,paratactic,6
gig_102b,hypotactic,7
gig_102b,paratactic,2
gig_1030,hypotactic,1
gig_1030,paratactic,2
gig_1031a,hypotactic,11
gig_1031a,paratactic,7
gig_1031b,hypotactic,16
gig_1031b,paratactic,6
gig_1031c,hypotactic,14
gig_1031c,paratactic,4
gig_1031d,hypotactic,5
gig_1031d,paratactic,1
gig_1032a,hypotactic,2
gig_1032a,paratactic,2
gig_1032b,hypotactic,7
gig_1032b,paratactic,1
gig_1032c,hypotactic,4
gig_1032c,paratactic,1
gig_1032d,hypotactic,4
gig_1033,hypotactic,2
gig_1033,paratactic,2
gig_1034,hypotactic,7
gig_1034,paratactic,4
gig_1035,hypotactic,3
gig_1035,paratactic,1
gig_1036,hypotactic,10
gig_1036,paratactic,6
gig_1037a,hypotactic,5
gig_1037a,paratactic,3
gig_1037b,hypotactic,7
gig_1037b,paratactic,5
gig_1038a,hypotactic,11
gig_1038a,paratactic,5
gig_1038b,hypotactic,5
gig_1038b,paratactic,2
gig_1039a,hypotactic,3
gig_1039a,paratactic,4
gig_1039b,hypotactic,3
gig_1039b,paratactic,2
gig_1039c,hypotactic,10
gig_1039c,paratactic,2
gig_103a,hypotactic,3
gig_103a,paratactic,1
gig_103b,hypotactic,6
gig_103b,paratactic,3
gig_1040,hypotactic,16
gig_1040,paratactic,6
gig_1041a,hypotactic,6
gig_1041a,paratactic,6
gig_1041c,hypotactic,2
gig_1041d,hypotactic,7
gig_1042a,hypotactic,4
gig_1042a,paratactic,8
gig_1042b,hypotactic,6
gig_1042c,hypotactic,14
gig_1042c,paratactic,3
gig_1043a,hypotactic,3
gig_1043b,paratactic,2
gig_1044a,hypotactic,14
gig_1044a,paratactic,4
gig_1044b,hypotactic,11
gig_1044b,paratactic,3
gig_1044c,hypotactic,6
gig_1044c,paratactic,2
gig_1045a,hypotactic,17
gig_1045a,paratactic,10
gig_1045b,hypotactic,5
gig_1045b,paratactic,1
gig_1045c,hypotactic,7
gig_1045c,paratactic,1
gig_1046a,hypotactic,3
gig_1046a,paratactic,1
gig_1046b,hypotactic,2
gig_1046c,hypotactic,3
gig_1046d,hypotactic,3
gig_1046d,paratactic,1
gig_1047a,hypotactic,3
gig_1047b,hypotactic,3
gig_1047c,hypotactic,1
gig_1047d,hypotactic,5
gig_1047e,hypotactic,2
gig_1047e,paratactic,1
gig_1048a,hypotactic,1
gig_1048b,hypotactic,2
gig_1048b,paratactic,2
gig_1048c,hypotactic,1
gig_1048c,paratactic,4
gig_1049a,paratactic,2
gig_1049b,hypotactic,11
gig_1049b,paratactic,1
gig_1049c,hypotactic,6
gig_1049c,paratactic,2
gig_104a,hypotactic,4
gig_104a,paratactic,7
gig_104b,hypotactic,1
gig_104b,paratactic,3
gig_1050a,hypotactic,3
gig_1050b,hypotactic,7
gig_1051a,hypotactic,3
gig_1051b,hypotactic,2
gig_1051c,hypotactic,5
gig_1051c,paratactic,1
gig_1051d,hypotactic,1
gig_1051d,paratactic,2
gig_1051e,hypotactic,2
gig_1051e,paratactic,3
gig_1051f,hypotactic,7
gig_1051f,paratactic,2
gig_1052a,hypotactic,1
gig_1052b,hypotactic,1
gig_1052b,paratactic,3
gig_1053a,hypotactic,6
gig_1053a,paratactic,4
gig_1053b,hypotactic,8
gig_1053b,paratactic,2
gig_1053c,hypotactic,8
gig_1053c,paratactic,6
gig_1053d,hypotactic,9
gig_1053d,paratactic,6
gig_1053e,hypotactic,4
gig_1053e,paratactic,1
gig_1054a,hypotactic,5
gig_1054a,paratactic,5
gig_1054b,hypotactic,2
gig_1054b,paratactic,6
gig_1054c,hypotactic,10
gig_1054c,paratactic,6
gig_1054d,hypotactic,9
gig_1054d,paratactic,5
gig_1054e,hypotactic,3
gig_1054e,paratactic,2
gig_1055a,hypotactic,1
gig_1055a,paratactic,6
gig_1055b,hypotactic,4
gig_1055b,paratactic,10
gig_1055c,hypotactic,19
gig_1055c,paratactic,10
gig_1055d,hypotactic,3
gig_1055d,paratactic,5
gig_1055e,hypotactic,8
gig_1055e,paratactic,7
gig_1055f,hypotactic,2
gig_1055f,paratactic,5
gig_1056a,hypotactic,5
gig_1056a,paratactic,6
gig_1056b,hypotactic,12
gig_1056b,paratactic,7
gig_1056c,hypotactic,3
gig_1056c,paratactic,1
gig_1056d,hypotactic,8
gig_1057a,hypotactic,8
gig_1057a,paratactic,4
gig_1057b,hypotactic,11
gig_1057b,paratactic,6
gig_1057c,hypotactic,31
gig_1057c,paratactic,13
gig_1057d,hypotactic,4
gig_1057d,paratactic,4
gig_1057e,hypotactic,13
gig_1057e,paratactic,5
gig_1057f,hypotactic,1
gig_1057f,paratactic,4
gig_1058a,hypotactic,12
gig_1058a,paratactic,6
gig_1058b,hypotactic,12
gig_1058b,paratactic,8
gig_1058c,hypotactic,16
gig_1058c,paratactic,9
gig_1058d,hypotactic,11
gig_1058d,paratactic,6
gig_1058e,hypotactic,6
gig_1058e,paratactic,1
gig_1058f,hypotactic,8
gig_1058f,paratactic,3
gig_1059a,hypotactic,10
gig_1059a,paratactic,9
gig_1059b,hypotactic,2
gig_1059b,paratactic,2
gig_1059c,hypotactic,10
gig_1059c,paratactic,1
gig_1059d,hypotactic,1
gig_1059d,paratactic,2
gig_1059e,hypotactic,1
gig_1059e,paratactic,7
gig_105a,hypotactic,7
gig_105a,paratactic,5
gig_105b,hypotactic,6
gig_105b,paratactic,5
gig_1060a,hypotactic,2
gig_1060a,paratactic,1
gig_1060b,hypotactic,4
gig_1060b,paratactic,4
gig_1060c,hypotactic,9
gig_1060c,paratactic,2
gig_1060d,hypotactic,3
gig_1060d,paratactic,2
gig_1060e,hypotactic,7
gig_1060e,paratactic,3
gig_1060f,hypotactic,6
gig_1061a,hypotactic,14
gig_1061a,paratactic,5
gig_1061b,hypotactic,23
gig_1061b,paratactic,21
gig_1061c,hypotactic,11
gig_1061c,paratactic,7
gig_1061d,hypotactic,6
gig_1061d,paratactic,3
gig_1061e,hypotactic,4
gig_1061e,paratactic,4
gig_1061f,hypotactic,14
gig_1061f,paratactic,16
gig_1062a,hypotactic,6
gig_1062a,paratactic,3
gig_1062b,hypotactic,5
gig_1062b,paratactic,4
gig_1062c,hypotactic,14
gig_1062c,paratactic,8
gig_1062d,hypotactic,2
gig_1062d,paratactic,1
gig_1062e,hypotactic,3
gig_1062e,paratactic,7
gig_1063a,hypotactic,6
gig_1063a,paratactic,1
gig_1063b,hypotactic,4
gig_1063b,paratactic,4
gig_1063c,hypotactic,11
gig_1063c,paratactic,10
gig_1063d,hypotactic,4
gig_1063d,paratactic,4
gig_1063e,hypotactic,7
gig_1063e,paratactic,7
gig_1063f,hypotactic,2
gig_1063f,paratactic,1
gig_1064a,hypotactic,1
gig_1064a,paratactic,2
gig_1064b,hypotactic,3
gig_1064b,paratactic,10
gig_1064c,hypotactic,12
gig_1064c,paratactic,19
gig_1064d,hypotactic,6
gig_1064d,paratactic,7
gig_1064e,hypotactic,8
gig_1064e,paratactic,7
gig_1064f,hypotactic,1
gig_1064f,paratactic,2
gig_1065a,hypotactic,13
gig_1065a,paratactic,3
gig_1065b,hypotactic,5
gig_1065b,paratactic,6
gig_1065c,hypotactic,6
gig_1065c,paratactic,4
gig_1066a,hypotactic,2
gig_1066a,paratactic,2
gig_1066b,hypotactic,7
gig_1066b,paratactic,7
gig_1066c,hypotactic,27
gig_1066c,paratactic,10
gig_1066d,hypotactic,3
gig_1066d,paratactic,3
gig_1066e,hypotactic,11
gig_1066e,paratactic,2
gig_1066f,hypotactic,6
gig_1066f,paratactic,3
gig_1067a,hypotactic,6
gig_1067a,paratactic,1
gig_1067b,hypotactic,14
gig_1067b,paratactic,5
gig_1067c,hypotactic,27
gig_1067c,paratactic,7
gig_1067d,hypotactic,5
gig_1067d,paratactic,7
gig_1067e,hypotactic,6
gig_1067e,paratactic,6
gig_1068a,hypotactic,19
gig_1068a,paratactic,12
gig_1068b,hypotactic,5
gig_1068b,paratactic,6
gig_1069a,hypotactic,10
gig_1069a,paratactic,9
gig_1069b,hypotactic,1
gig_1069b,paratactic,4
gig_106a,hypotactic,11
gig_106a,paratactic,11
gig_1070,hypotactic,4
gig_1070,paratactic,3
gig_1071,hypotactic,5
gig_1071,paratactic,10
gig_1072a,hypotactic,9
gig_1072a,paratactic,6
gig_1072b,hypotactic,9
gig_1072b,paratactic,2
gig_1073,hypotactic,13
gig_1073,paratactic,5
gig_1074a,hypotactic,21
gig_1074a,paratactic,6
gig_1074b,hypotactic,12
gig_1074b,paratactic,9
gig_1075a,hypotactic,19
gig_1075a,paratactic,8
gig_1075b,hypotactic,5
gig_1075b,paratactic,11
gig_1076a,hypotactic,13
gig_1076a,paratactic,3
gig_1076b,hypotactic,9
gig_1076b,paratactic,6
gig_1077a,hypotactic,12
gig_1077a,paratactic,6
gig_1077b,hypotactic,33
gig_1077b,paratactic,10
gig_1078a,hypotactic,24
gig_1078a,paratactic,8
gig_1078b,hypotactic,17
gig_1078b,paratactic,11
gig_1079,hypotactic,11
gig_1079,paratactic,9
gig_107a,hypotactic,12
gig_107a,paratactic,3
gig_107b,hypotactic,10
gig_107b,paratactic,6
gig_1080a,hypotactic,9
gig_1080a,paratactic,4
gig_1080b,hypotactic,7
gig_1080b,paratactic,5
gig_1081,hypotactic,10
gig_1081,paratactic,8
gig_1082a,hypotactic,5
gig_1082a,paratactic,2
gig_1082b,hypotactic,16
gig_1082b,paratactic,9
gig_1083a,hypotactic,3
gig_1083a,paratactic,5
gig_1083b,hypotactic,8
gig_1083b,paratactic,3
gig_1084a,hypotactic,11
gig_1084a,paratactic,12
gig_1084b,hypotactic,11
gig_1084b,paratactic,6
gig_1085a,hypotactic,5
gig_1085a,paratactic,2
gig_1085b,hypotactic,9
gig_1085b,paratactic,2
gig_1086,hypotactic,3
gig_1086,paratactic,2
gig_1087a,hypotactic,7
gig_1087a,paratactic,4
gig_1087b,hypotactic,7
gig_1087b,paratactic,3
gig_1088a,hypotactic,12
gig_1088a,paratactic,7
gig_1088b,hypotactic,19
gig_1088b,paratactic,9
gig_1089a,hypotactic,13
gig_1089a,paratactic,6
gig_1089b,hypotactic,11
gig_1089b,paratactic,8
gig_108a,hypotactic,6
gig_108a,paratactic,1
gig_108b,hypotactic,1
gig_108b,paratactic,3
gig_108c,hypotactic,5
gig_108c,paratactic,3
gig_1090,hypotactic,11
gig_1090,paratactic,6
gig_1091b,hypotactic,2
gig_1091b,paratactic,1
gig_1091c,hypotactic,4
gig_1091c,paratactic,1
gig_1091d,hypotactic,12
gig_1091d,paratactic,1
gig_1091e,hypotactic,9
gig_1091e,paratactic,2
gig_1091f,hypotactic,5
gig_1091f,paratactic,1
gig_1092a,hypotactic,1
gig_1092b,hypotactic,2
gig_1092b,paratactic,3
gig_1092c,hypotactic,5
gig_1092c,paratactic,1
gig_1092d,hypotactic,6
gig_1092d,paratactic,1
gig_1092e,hypotactic,4
gig_1092e,paratactic,3
gig_1093a,paratactic,2
gig_1093b,hypotactic,2
gig_1093c,hypotactic,1
gig_1093c,paratactic,1
gig_1093d,hypotactic,2
gig_1093e,hypotactic,2
gig_1093e,paratactic,4
gig_1094a,hypotactic,2
gig_1094a,paratactic,1
gig_1094b,hypotactic,2
gig_1094c,hypotactic,1
gig_1094c,paratactic,4
gig_1094d,hypotactic,10
gig_1094d,paratactic,2
gig_1094e,hypotactic,2
gig_1094e,paratactic,1
gig_1095a,hypotactic,1
gig_1095a,paratactic,1
gig_1095b,hypotactic,7
gig_1095b,paratactic,9
gig_1095c,hypotactic,1
gig_1095d,hypotactic,15
gig_1095d,paratactic,10
gig_1095e,hypotactic,7
gig_1095e,paratactic,4
gig_1095f,hypotactic,3
gig_1096a,hypotactic,1
gig_1096a,paratactic,1
gig_1096b,hypotactic,4
gig_1096b,paratactic,1
gig_1096c,hypotactic,4
gig_1096c,paratactic,1
gig_1096d,hypotactic,3
gig_1096d,paratactic,3
gig_1096e,hypotactic,4
gig_1096e,paratactic,3
gig_1097a,hypotactic,6
gig_1097a,paratactic,2
gig_1097b,hypotactic,3
gig_1097b,paratactic,2
gig_1097c,hypotactic,2
gig_1097c,paratactic,1
gig_1097d,hypotactic,8
gig_1097d,paratactic,7
gig_1097e,hypotactic,5
gig_1097e,paratactic,6
gig_1097f,hypotactic,14
gig_1097f,paratactic,6
gig_1098a,hypotactic,4
gig_1098a,paratactic,1
gig_1098b,hypotactic,4
gig_1098b,paratactic,4
gig_1098c,hypotactic,2
gig_1098c,paratactic,2
gig_1098d,hypotactic,11
gig_1098d,paratactic,5
gig_1098e,hypotactic,13
gig_1098e,paratactic,6
gig_1098f,hypotactic,3
gig_1098f,paratactic,3
gig_1099a,hypotactic,4
gig_1099a,paratactic,1
gig_1099b,hypotactic,5
gig_1099b,paratactic,1
gig_1099c,hypotactic,2
gig_1099c,paratactic,4
gig_1099d,hypotactic,10
gig_1099d,paratactic,2
gig_1099e,hypotactic,2
gig_1099e,paratactic,1
gig_1099f,hypotactic,1
gig_109a,hypotactic,10
gig_109b,paratactic,3
gig_10a,hypotactic,1
gig_10a,paratactic,4
gig_1100a,hypotactic,3
gig_1100b,hypotactic,2
gig_1100b,paratactic,1
gig_1100c,hypotactic,1
gig_1100c,paratactic,2
gig_1100d,hypotactic,4
gig_1100d,paratactic,2
gig_1100e,hypotactic,7
gig_1100e,paratactic,1
gig_1100f,hypotactic,5
gig_1100f,paratactic,1
gig_1101a,paratactic,1
gig_1101b,hypotactic,2
gig_1101b,paratactic,3
gig_1101c,hypotactic,6
gig_1101c,paratactic,5
gig_1101d,hypotactic,8
gig_1101d,paratactic,6
gig_1101e,hypotactic,5
gig_1101e,paratactic,2
gig_1102a,hypotactic,1
gig_1102b,hypotactic,3
gig_1102b,paratactic,2
gig_1102c,hypotactic,1
gig_1102c,paratactic,1
gig_1102d,hypotactic,5
gig_1102d,paratactic,3
gig_1102e,hypotactic,11
gig_1102e,paratactic,7
gig_1102f,hypotactic,5
gig_1102f,paratactic,2
gig_1103a,hypotactic,4
gig_1103a,paratactic,3
gig_1103b,hypotactic,1
gig_1103b,paratactic,1
gig_1103c,hypotactic,2
gig_1103c,paratactic,4
gig_1103d,hypotactic,3
gig_1103d,paratactic,2
gig_1103e,hypotactic,2
gig_1103e,paratactic,1
gig_1103f,hypotactic,3
gig_1103f,paratactic,1
gig_1104,hypotactic,6
gig_1104,paratactic,3
gig_1105a,hypotactic,4
gig_1105b,hypotactic,5
gig_1105b,paratactic,2
gig_1105c,hypotactic,7
gig_1105c,paratactic,3
gig_1105d,hypotactic,13
gig_1105d,paratactic,10
gig_1105e,hypotactic,9
gig_1105e,paratactic,3
gig_1105f,hypotactic,18
gig_1105f,paratactic,11
gig_1106a,hypotactic,7
gig_1106a,paratactic,8
gig_1106b,hypotactic,8
gig_1106b,paratactic,1
gig_1106c,hypotactic,3
gig_1106c,paratactic,2
gig_1106d,hypotactic,6
gig_1106e,hypotactic,13
gig_1106e,paratactic,5
gig_1106f,hypotactic,11
gig_1106f,paratactic,1
gig_1107a,hypotactic,5
gig_1107a,paratactic,3
gig_1107b,hypotactic,6
gig_1107b,paratactic,1
gig_1108a,hypotactic,1
gig_1108b,hypotactic,5
gig_1108b,paratactic,5
gig_1108c,hypotactic,1
gig_1108c,paratactic,4
gig_1108d,hypotactic,2
gig_1108d,paratactic,6
gig_1108e,hypotactic,2
gig_1108e,paratactic,5
gig_1108f,hypotactic,1
gig_1108f,paratactic,1
gig_1109a,hypotactic,3
gig_1109a,paratactic,5
gig_1109b,hypotactic,5
gig_1109b,paratactic,5
gig_1109c,hypotactic,4
gig_1109c,paratactic,2
gig_1109d,hypotactic,11
gig_1109d,paratactic,7
gig_1109e,hypotactic,6
gig_1109e,paratactic,1
gig_110a,hypotactic,9
gig_110a,paratactic,4
gig_110b,hypotactic,5
gig_110b,paratactic,2
gig_1110,hypotactic,10
gig_1110,paratactic,6
gig_1111a,hypotactic,30
gig_1111a,paratactic,8
gig_1111b,hypotactic,23
gig_1111b,paratactic,12
gig_1112a,hypotactic,3
gig_1112a,paratactic,1
gig_1112b,hypotactic,1
gig_1112b,paratactic,3
gig_1113,hypotactic,10
gig_1113,paratactic,8
gig_1115a,hypotactic,1
gig_1115a,paratactic,2
gig_1115b,hypotactic,2
gig_1115b,paratactic,1
gig_1115c,hypotactic,3
gig_1115c,paratactic,1
gig_1115d,hypotactic,5
gig_1115d,paratactic,4
gig_1116a,hypotactic,3
gig_1116a,paratactic,3
gig_1116b,hypotactic,8
gig_1116b,paratactic,9
gig_1116c,hypotactic,11
gig_1116c,paratactic,4
gig_1118a,hypotactic,4
gig_1118a,paratactic,1
gig_1118b,hypotactic,3
gig_1118c,hypotactic,3
gig_1118c,paratactic,3
gig_1118d,hypotactic,2
gig_1118e,hypotactic,1
gig_1118e,paratactic,3
gig_1119b,paratactic,1
gig_1119c,hypotactic,4
gig_1119e,hypotactic,3
gig_1119e,paratactic,1
gig_1119f,hypotactic,1
gig_1119g,paratactic,4
gig_111a,hypotactic,3
gig_111a,paratactic,1
gig_111b,hypotactic,6
gig_111b,paratactic,5
gig_1120a,paratactic,4
gig_1121a,hypotactic,1
gig_1121a,paratactic,2
gig_1121b,hypotactic,5
gig_1121b,paratactic,1
gig_1121c,paratactic,3
gig_1121d,hypotactic,2
gig_1121e,hypotactic,2
gig_1121f,hypotactic,4
gig_1122,hypotactic,1
gig_1122,paratactic,2
gig_1123a,hypotactic,4
gig_1123a,paratactic,2
gig_1123b,hypotactic,3
gig_1124a,paratactic,1
gig_1124c,hypotactic,2
gig_1124c,paratactic,1
gig_1124d,hypotactic,1
gig_1124e,paratactic,1
gig_1124f,hypotactic,1
gig_1125a,hypotactic,2
gig_1125c,hypotactic,2
gig_1126a,hypotactic,1
gig_1126a,paratactic,1
gig_1126b,paratactic,2
gig_1126c,paratactic,3
gig_1127b,hypotactic,2
gig_1128b,hypotactic,2
gig_1128c,hypotactic,3
gig_1128d,hypotactic,1
gig_1128e,hypotactic,1
gig_1128e,paratactic,1
gig_1129c,hypotactic,3
gig_1129c,paratactic,1
gig_1129f,hypotactic,3
gig_113,hypotactic,7
gig_113,paratactic,4
gig_1130a,hypotactic,2
gig_1130b,hypotactic,1
gig_1130c,hypotactic,2
gig_1130e,hypotactic,1
gig_1130e,paratactic,1
gig_1131b,hypotactic,1
gig_1131b,paratactic,3
gig_1131c,hypotactic,4
gig_1131c,paratactic,2
gig_1132c,hypotactic,3
gig_1132c,paratactic,2
gig_1132d,paratactic,1
gig_1132e,paratactic,4
gig_1132f,hypotactic,5
gig_1132g,hypotactic,2
gig_1132g,paratactic,3
gig_1133,hypotactic,1
gig_1134d,hypotactic,1
gig_1134d,paratactic,2
gig_1135c,hypotactic,2
gig_1135c,paratactic,6
gig_1135f,paratactic,5
gig_1135g,paratactic,6
gig_1135h,hypotactic,7
gig_1135h,paratactic,6
gig_1135i,hypotactic,3
gig_1135i,paratactic,2
gig_1136a,hypotactic,1
gig_1136a,paratactic,1
gig_1136b,paratactic,1
gig_1137b,hypotactic,1
gig_1137c,hypotactic,1
gig_1137d,hypotactic,2
gig_1137d,paratactic,5
gig_1137e,hypotactic,1
gig_1137e,paratactic,1
gig_1137g,paratactic,1
gig_1138a,hypotactic,3
gig_1138a,paratactic,1
gig_1138b,hypotactic,2
gig_1138d,hypotactic,2
gig_1138e,hypotactic,2
gig_1139a,hypotactic,6
gig_1139a,paratactic,3
gig_1139b,hypotactic,1
gig_1139c,hypotactic,3
gig_1139c,paratactic,4
gig_1139d,hypotactic,2
gig_1139d,paratactic,1
gig_1139e,hypotactic,2
gig_114,hypotactic,10
gig_114,paratactic,9
gig_1140a,hypotactic,2
gig_1140a,paratactic,1
gig_1140b,hypotactic,1
gig_1140c,hypotactic,4
gig_1140c,paratactic,1
gig_115,hypotactic,2
gig_115,paratactic,2
gig_116,paratactic,7
gig_117,hypotactic,7
gig_117,paratactic,7
gig_119,hypotactic,2
gig_119,paratactic,4
gig_11a,hypotactic,2
gig_11b,paratactic,1
gig_11c,paratactic,2
gig_11d,paratactic,2
gig_120,hypotactic,4
gig_120,paratactic,2
gig_121,hypotactic,5
gig_121,paratactic,5
gig_122,hypotactic,9
gig_122,paratactic,7
gig_123,hypotactic,3
gig_123,paratactic,4
gig_125,hypotactic,7
gig_125,paratactic,7
gig_126,hypotactic,6
gig_126,paratactic,7
gig_128,hypotactic,9
gig_128,paratactic,9
gig_129,hypotactic,5
gig_129,paratactic,3
gig_12a,paratactic,3
gig_130,hypotactic,3
gig_130,paratactic,4
gig_131,hypotactic,8
gig_131,paratactic,1
gig_132,hypotactic,6
gig_132,paratactic,5
gig_133,hypotactic,15
gig_133,paratactic,18
gig_134,hypotactic,7
gig_134,paratactic,7
gig_135,hypotactic,5
gig_135,paratactic,5
gig_136,hypotactic,10
gig_136,paratactic,1
gig_137,hypotactic,11
gig_137,paratactic,3
gig_139,hypotactic,19
gig_139,paratactic,7
gig_13c,hypotactic,1
gig_13c,paratactic,1
gig_13d,hypotactic,1
gig_13d,paratactic,2
gig_140,hypotactic,4
gig_140,paratactic,2
gig_141,hypotactic,10
gig_141,paratactic,6
gig_142,hypotactic,5
gig_142,paratactic,1
gig_143,hypotactic,11
gig_143,paratactic,4
gig_144,hypotactic,4
gig_144,paratactic,1
gig_145,hypotactic,5
gig_145,paratactic,9
gig_146,hypotactic,3
gig_146,paratactic,5
gig_147,paratactic,3
gig_148,hypotactic,12
gig_148,paratactic,1
gig_149,hypotactic,4
gig_149,paratactic,8
gig_14a,hypotactic,2
gig_150,hypotactic,11
gig_150,paratactic,7
gig_151,hypotactic,7
gig_151,paratactic,7
gig_152,hypotactic,5
gig_152,paratactic,1
gig_154,hypotactic,6
gig_154,paratactic,5
gig_155,hypotactic,6
gig_155,paratactic,7
gig_156,hypotactic,1
gig_156,paratactic,3
gig_157,hypotactic,10
gig_157,paratactic,9
gig_158,hypotactic,2
gig_158,paratactic,4
gig_159,hypotactic,3
gig_159,paratactic,2
gig_160,hypotactic,8
gig_160,paratactic,7
gig_161,paratactic,1
gig_162,hypotactic,5
gig_162,paratactic,2
gig_163,hypotactic,5
gig_164,hypotactic,4
gig_165,hypotactic,4
gig_165,paratactic,2
gig_166,hypotactic,7
gig_166,paratactic,2
gig_167,hypotactic,8
gig_167,paratactic,10
gig_168,hypotactic,4
gig_168,paratactic,10
gig_169,hypotactic,7
gig_16a,hypotactic,2
gig_16a,paratactic,1
gig_16c,paratactic,6
gig_170,hypotactic,4
gig_170,paratactic,2
gig_171,hypotactic,6
gig_171,paratactic,5
gig_172,hypotactic,12
gig_172,paratactic,3
gig_173,hypotactic,4
gig_173,paratactic,2
gig_174,hypotactic,4
gig_175,hypotactic,5
gig_175,paratactic,1
gig_176,hypotactic,4
gig_176,paratactic,2
gig_177,hypotactic,2
gig_177,paratactic,4
gig_178,hypotactic,14
gig_178,paratactic,4
gig_179,hypotactic,7
gig_179,paratactic,2
gig_17a,hypotactic,5
gig_180,hypotactic,7
gig_180,paratactic,1
gig_181,hypotactic,7
gig_181,paratactic,4
gig_182,hypotactic,4
gig_182,paratactic,3
gig_183,hypotactic,6
gig_183,paratactic,1
gig_184,hypotactic,4
gig_184,paratactic,1
gig_185,hypotactic,9
gig_185,paratactic,1
gig_186,hypotactic,5
gig_186,paratactic,2
gig_187,paratactic,2
gig_188,hypotactic,12
gig_188,paratactic,1
gig_189,hypotactic,5
gig_189,paratactic,7
gig_18a,paratactic,6
gig_18c,paratactic,1
gig_18d,hypotactic,2
gig_190,hypotactic,5
gig_190,paratactic,5
gig_191,hypotactic,3
gig_193,hypotactic,1
gig_193,paratactic,7
gig_194,hypotactic,7
gig_194,paratactic,4
gig_195,hypotactic,3
gig_195,paratactic,4
gig_196,hypotactic,7
gig_196,paratactic,1
gig_198,hypotactic,4
gig_198,paratactic,1
gig_199,hypotactic,2
gig_199,paratactic,2
gig_2,hypotactic,3
gig_200,hypotactic,4
gig_200,paratactic,3
gig_201,hypotactic,2
gig_201,paratactic,1
gig_202,hypotactic,3
gig_202,paratactic,5
gig_203,hypotactic,5
gig_203,paratactic,3
gig_204,hypotactic,1
gig_204,paratactic,3
gig_205,hypotactic,4
gig_205,paratactic,4
gig_206,hypotactic,5
gig_207,hypotactic,5
gig_207,paratactic,1
gig_208,hypotactic,14
gig_208,paratactic,6
gig_209,hypotactic,6
gig_209,paratactic,6
gig_20c,hypotactic,1
gig_20c,paratactic,2
gig_20d,paratactic,4
gig_210,hypotactic,2
gig_211,hypotactic,3
gig_211,paratactic,4
gig_212,hypotactic,6
gig_212,paratactic,6
gig_213,hypotactic,3
gig_213,paratactic,3
gig_214,hypotactic,3
gig_214,paratactic,4
gig_215,hypotactic,5
gig_215,paratactic,3
gig_216,hypotactic,8
gig_216,paratactic,3
gig_217,hypotactic,3
gig_217,paratactic,7
gig_218,hypotactic,2
gig_218,paratactic,5
gig_219,hypotactic,5
gig_219,paratactic,1
gig_21a,paratactic,3
gig_220,hypotactic,7
gig_220,paratactic,6
gig_221,hypotactic,2
gig_221,paratactic,7
gig_222,hypotactic,4
gig_222,paratactic,4
gig_223,hypotactic,4
gig_223,paratactic,8
gig_224,hypotactic,7
gig_224,paratactic,2
gig_225,hypotactic,3
gig_226,hypotactic,9
gig_226,paratactic,5
gig_227,hypotactic,2
gig_227,paratactic,2
gig_228,hypotactic,5
gig_228,paratactic,6
gig_229,hypotactic,2
gig_229,paratactic,2
gig_22a,paratactic,1
gig_230,hypotactic,7
gig_230,paratactic,4
gig_231,hypotactic,2
gig_232,hypotactic,1
gig_232,paratactic,1
gig_233,hypotactic,7
gig_233,paratactic,1
gig_234,hypotactic,4
gig_234,paratactic,1
gig_235,hypotactic,1
gig_236,hypotactic,6
gig_236,paratactic,6
gig_238,hypotactic,8
gig_238,paratactic,5
gig_239,hypotactic,2
gig_239,paratactic,1
gig_23d,hypotactic,1
gig_240,hypotactic,9
gig_240,paratactic,6
gig_241,hypotactic,2
gig_242,hypotactic,7
gig_242,paratactic,1
gig_243,hypotactic,1
gig_243,paratactic,6
gig_244,hypotactic,10
gig_244,paratactic,7
gig_246,hypotactic,7
gig_246,paratactic,4
gig_247,hypotactic,6
gig_248,hypotactic,6
gig_248,paratactic,5
gig_249,hypotactic,4
gig_249,paratactic,3
gig_24a,paratactic,3
gig_250,hypotactic,3
gig_250,paratactic,3
gig_251,hypotactic,8
gig_251,paratactic,1
gig_252,hypotactic,2
gig_252,paratactic,3
gig_253,hypotactic,8
gig_253,paratactic,7
gig_254,hypotactic,5
gig_254,paratactic,7
gig_255,hypotactic,9
gig_255,paratactic,2
gig_256,hypotactic,3
gig_256,paratactic,2
gig_257,hypotactic,3
gig_257,paratactic,2
gig_258,hypotactic,1
gig_258,paratactic,7
gig_259,hypotactic,2
gig_259,paratactic,3
gig_25a,paratactic,5
gig_25c,paratactic,2
gig_25d,hypotactic,2
gig_25d,paratactic,4
gig_260,hypotactic,3
gig_260,paratactic,1
gig_261,paratactic,1
gig_262,hypotactic,1
gig_262,paratactic,1
gig_263,hypotactic,3
gig_264,hypotactic,9
gig_264,paratactic,8
gig_265,hypotactic,4
gig_266,hypotactic,4
gig_266,paratactic,1
gig_267,hypotactic,4
gig_267,paratactic,4
gig_268,hypotactic,1
gig_268,paratactic,1
gig_269,hypotactic,2
gig_269,paratactic,3
gig_26c,hypotactic,1
gig_26c,paratactic,2
gig_26d,hypotactic,1
gig_26d,paratactic,1
gig_271,hypotactic,6
gig_271,paratactic,4
gig_272,hypotactic,4
gig_273,hypotactic,3
gig_273,paratactic,2
gig_274,hypotactic,1
gig_274,paratactic,2
gig_275,hypotactic,2
gig_275,paratactic,4
gig_276,hypotactic,3
gig_276,paratactic,3
gig_277,hypotactic,6
gig_277,paratactic,1
gig_278,hypotactic,5
gig_278,paratactic,5
gig_27c,paratactic,2
gig_27d,paratactic,1
gig_280,hypotactic,7
gig_280,paratactic,9
gig_281,hypotactic,2
gig_281,paratactic,6
gig_282,hypotactic,2
gig_282,paratactic,2
gig_283,hypotactic,2
gig_283,paratactic,6
gig_284,paratactic,1
gig_285,paratactic,7
gig_286,hypotactic,6
gig_286,paratactic,2
gig_287,hypotactic,8
gig_287,paratactic,11
gig_288,hypotactic,2
gig_288,paratactic,1
gig_289,hypotactic,3
gig_28a,hypotactic,1
gig_28d,paratactic,2
gig_290,hypotactic,4
gig_291,hypotactic,3
gig_292,hypotactic,5
gig_292,paratactic,9
gig_293,hypotactic,12
gig_293,paratactic,1
gig_294,hypotactic,5
gig_294,paratactic,9
gig_295,hypotactic,7
gig_295,paratactic,6
gig_297,hypotactic,12
gig_297,paratactic,5
gig_298,hypotactic,4
gig_298,paratactic,1
gig_299,hypotactic,2
gig_299,paratactic,2
gig_29a,hypotactic,1
gig_3,hypotactic,3
gig_3,paratactic,3
gig_300,hypotactic,1
gig_300,paratactic,1
gig_301,hypotactic,2
gig_301,paratactic,2
gig_302,paratactic,3
gig_304,hypotactic,3
gig_304,paratactic,3
gig_305,hypotactic,1
gig_307,hypotactic,5
gig_307,paratactic,5
gig_308,hypotactic,2
gig_308,paratactic,3
gig_309,hypotactic,4
gig_309,paratactic,5
gig_30a,hypotactic,1
gig_30a,paratactic,3
gig_312,hypotactic,4
gig_312,paratactic,5
gig_313,hypotactic,3
gig_313,paratactic,6
gig_314,hypotactic,2
gig_314,paratactic,2
gig_315d,paratactic,1
gig_315f,hypotactic,1
gig_315f,paratactic,2
gig_315j,paratactic,2
gig_316b,paratactic,1
gig_316c,hypotactic,1
gig_316c,paratactic,2
gig_316d,paratactic,2
gig_316e,hypotactic,3
gig_316f,paratactic,1
gig_316j,hypotactic,1
gig_316j,paratactic,12
gig_317a,hypotactic,1
gig_317a,paratactic,1
gig_317c,hypotactic,2
gig_317c,paratactic,2
gig_317d,hypotactic,1
gig_317d,paratactic,1
gig_317e,hypotactic,3
gig_317f,hypotactic,4
gig_317f,paratactic,5
gig_317g,hypotactic,3
gig_317g,paratactic,2
gig_317j,hypotactic,1
gig_317k,hypotactic,5
gig_317k,paratactic,7
gig_318a,hypotactic,2
gig_318b,hypotactic,2
gig_318b,paratactic,4
gig_319b,hypotactic,3
gig_319b,paratactic,1
gig_319c,hypotactic,1
gig_319d,hypotactic,1
gig_319d,paratactic,3
gig_31a,hypotactic,1
gig_31a,paratactic,4
gig_31b,paratactic,2
gig_31c,hypotactic,1
gig_31c,paratactic,1
gig_31d,hypotactic,7
gig_31d,paratactic,2
gig_320a,hypotactic,2
gig_320c,hypotactic,1
gig_320c,paratactic,3
gig_321a,hypotactic,4
gig_321a,paratactic,7
gig_321c,hypotactic,4
gig_321c,paratactic,17
gig_321d,hypotactic,6
gig_321d,paratactic,1
gig_321e,hypotactic,2
gig_321e,paratactic,2
gig_322a,hypotactic,8
gig_322a,paratactic,9
gig_322b,paratactic,1
gig_322c,hypotactic,3
gig_322d,hypotactic,4
gig_322d,paratactic,1
gig_322e,hypotactic,3
gig_322e,paratactic,3
gig_323a,hypotactic,5
gig_323a,paratactic,5
gig_323c,paratactic,1
gig_323d,hypotactic,1
gig_323e,hypotactic,1
gig_323e,paratactic,3
gig_324a,hypotactic,1
gig_324a,paratactic,1
gig_324b,hypotactic,3
gig_324b,paratactic,2
gig_324d,paratactic,3
gig_324e,hypotactic,2
gig_325a,hypotactic,1
gig_325b,hypotactic,1
gig_325b,paratactic,3
gig_325c,paratactic,4
gig_325d,hypotactic,1
gig_325d,paratactic,2
gig_325e,paratactic,1
gig_325f,hypotactic,2
gig_326a,hypotactic,1
gig_326c,hypotactic,1
gig_326d,hypotactic,1
gig_326d,paratactic,3
gig_327a,hypotactic,1
gig_327b,hypotactic,2
gig_327c,hypotactic,1
gig_327c,paratactic,2
gig_327d,hypotactic,3
gig_327d,paratactic,3
gig_328a,paratactic,2
gig_328b,hypotactic,1
gig_328b,paratactic,1
gig_328c,hypotactic,3
gig_328c,paratactic,5
gig_328d,hypotactic,2
gig_328d,paratactic,1
gig_328e,hypotactic,1
gig_328e,paratactic,2
gig_329a,hypotactic,3
gig_329a,paratactic,1
gig_329b,hypotactic,4
gig_329b,paratactic,2
gig_329c,hypotactic,3
gig_329c,paratactic,4
gig_329d,paratactic,1
gig_329e,hypotactic,1
gig_329e,paratactic,7
gig_329f,hypotactic,3
gig_329f,paratactic,1
gig_32a,paratactic,2
gig_32b,paratactic,1
gig_32c,paratactic,1
gig_32d,hypotactic,1
gig_32d,paratactic,2
gig_330a,hypotactic,5
gig_330a,paratactic,4
gig_330b,hypotactic,3
gig_330b,paratactic,4
gig_330c,hypotactic,4
gig_330c,paratactic,3
gig_330d,hypotactic,1
gig_330d,paratactic,3
gig_330e,hypotactic,2
gig_330f,hypotactic,3
gig_330f,paratactic,1
gig_330g,hypotactic,1
gig_330g,paratactic,3
gig_331a,hypotactic,1
gig_331a,paratactic,1
gig_331b,hypotactic,6
gig_331b,paratactic,6
gig_331c,hypotactic,4
gig_331c,paratactic,2
gig_331d,hypotactic,7
gig_331d,paratactic,1
gig_331e,hypotactic,6
gig_331e,paratactic,5
gig_331f,hypotactic,3
gig_332a,hypotactic,1
gig_332b,hypotactic,1
gig_332b,paratactic,1
gig_332c,paratactic,7
gig_332d,hypotactic,7
gig_332d,paratactic,3
gig_332e,hypotactic,3
gig_332e,paratactic,3
gig_332f,hypotactic,3
gig_332f,paratactic,3
gig_332g,hypotactic,4
gig_332g,paratactic,3
gig_333a,hypotactic,4
gig_333a,paratactic,3
gig_333b,hypotactic,2
gig_333c,paratactic,1
gig_333d,hypotactic,3
gig_333d,paratactic,1
gig_333e,hypotactic,8
gig_333f,hypotactic,4
gig_333g,hypotactic,1
gig_333g,paratactic,1
gig_334a,hypotactic,1
gig_334a,paratactic,2
gig_334b,hypotactic,6
gig_334b,paratactic,14
gig_334c,hypotactic,8
gig_334c,paratactic,4
gig_334d,hypotactic,3
gig_334d,paratactic,5
gig_334e,hypotactic,5
gig_334e,paratactic,9
gig_334f,hypotactic,10
gig_334f,paratactic,4
gig_334g,hypotactic,5
gig_334g,paratactic,8
gig_334h,hypotactic,3
gig_334h,paratactic,2
gig_334i,hypotactic,7
gig_334i,paratactic,7
gig_335a,hypotactic,2
gig_335a,paratactic,5
gig_335b,hypotactic,1
gig_335b,paratactic,3
gig_335c,hypotactic,2
gig_335d,hypotactic,4
gig_335d,paratactic,2
gig_335e,hypotactic,4
gig_335e,paratactic,5
gig_335f,hypotactic,2
gig_335f,paratactic,1
gig_335g,hypotactic,4
gig_336b,hypotactic,6
gig_336b,paratactic,6
gig_336d,hypotactic,2
gig_336d,paratactic,4
gig_337a,hypotactic,4
gig_337a,paratactic,2
gig_337e,paratactic,4
gig_338a,hypotactic,1
gig_339a,hypotactic,6
gig_339a,paratactic,6
gig_339b,hypotactic,7
gig_339b,paratactic,5
gig_339c,hypotactic,1
gig_339d,hypotactic,3
gig_339d,paratactic,3
gig_339e,hypotactic,3
gig_339e,paratactic,5
gig_339f,hypotactic,3
gig_339f,paratactic,5
gig_339g,hypotactic,1
gig_339g,paratactic,1
gig_339h,hypotactic,1
gig_339i,hypotactic,4
gig_339i,paratactic,5
gig_33a,paratactic,3
gig_33b,paratactic,1
gig_33c,hypotactic,1
gig_33c,paratactic,1
gig_33d,hypotactic,1
gig_33d,paratactic,3
gig_34a,paratactic,1
gig_35a,paratactic,4
gig_37a,paratactic,3
gig_37b,paratactic,1
gig_37c,hypotactic,1
gig_37c,paratactic,4
gig_37d,hypotactic,1
gig_37d,paratactic,2
gig_38a,paratactic,1
gig_38c,paratactic,1
gig_38d,hypotactic,1
gig_4,paratactic,3
gig_40a,paratactic,1
gig_41a,paratactic,1
gig_42a,hypotactic,1
gig_42b,hypotactic,1
gig_42c,hypotactic,2
gig_42c,paratactic,1
gig_42d,hypotactic,2
gig_42d,paratactic,3
gig_43a,paratactic,2
gig_43d,paratactic,1
gig_440a,hypotactic,5
gig_440a,paratactic,4
gig_440c,hypotactic,7
gig_440c,paratactic,2
gig_440d,hypotactic,9
gig_440d,paratactic,2
gig_440e,paratactic,4
gig_440f,hypotactic,3
gig_440g,hypotactic,2
gig_440g,paratactic,3
gig_440h,paratactic,2
gig_440i,hypotactic,3
gig_440i,paratactic,3
gig_441a,hypotactic,10
gig_441a,paratactic,2
gig_441b,hypotactic,1
gig_441c,hypotactic,3
gig_441c,paratactic,10
gig_441d,hypotactic,1
gig_441e,hypotactic,3
gig_441e,paratactic,2
gig_441f,hypotactic,5
gig_441f,paratactic,1
gig_441g,hypotactic,1
gig_441g,paratactic,2
gig_441h,hypotactic,5
gig_441h,paratactic,3
gig_441i,hypotactic,2
gig_441i,paratactic,6
gig_441j,hypotactic,1
gig_441j,paratactic,2
gig_441k,hypotactic,3
gig_441l,hypotactic,1
gig_442b,hypotactic,3
gig_442b,paratactic,2
gig_442c,hypotactic,2
gig_442d,paratactic,1
gig_442e,hypotactic,2
gig_442f,hypotactic,2
gig_442f,paratactic,1
gig_442g,hypotactic,3
gig_442h,hypotactic,3
gig_442h,paratactic,2
gig_443a,hypotactic,11
gig_443a,paratactic,4
gig_443b,hypotactic,8
gig_443b,paratactic,2
gig_443c,hypotactic,2
gig_443d,hypotactic,11
gig_443d,paratactic,1
gig_443e,hypotactic,1
gig_443f,hypotactic,5
gig_443f,paratactic,2
gig_443g,hypotactic,6
gig_443g,paratactic,2
gig_443h,hypotactic,3
gig_443h,paratactic,1
gig_444a,hypotactic,2
gig_444a,paratactic,5
gig_444b,hypotactic,3
gig_444b,paratactic,3
gig_444c,hypotactic,4
gig_444c,paratactic,3
gig_444d,paratactic,1
gig_444e,hypotactic,2
gig_444e,paratactic,3
gig_444f,hypotactic,4
gig_444f,paratactic,1
gig_444g,hypotactic,1
gig_444g,paratactic,2
gig_444h,hypotactic,3
gig_444h,paratactic,3
gig_444j,hypotactic,4
gig_444j,paratactic,2
gig_444k,hypotactic,3
gig_444l,hypotactic,1
gig_445a,hypotactic,7
gig_445a,paratactic,13
gig_445b,hypotactic,9
gig_445b,paratactic,2
gig_445c,hypotactic,7
gig_445c,paratactic,2
gig_445d,hypotactic,5
gig_445d,paratactic,5
gig_445e,hypotactic,10
gig_445e,paratactic,9
gig_445f,hypotactic,7
gig_445g,hypotactic,5
gig_445g,paratactic,2
gig_445i,hypotactic,7
gig_445i,paratactic,1
gig_446b,hypotactic,2
gig_446c,hypotactic,8
gig_446c,paratactic,7
gig_446d,hypotactic,2
gig_446d,paratactic,6
gig_446e,paratactic,2
gig_446f,hypotactic,1
gig_446f,paratactic,3
gig_446g,hypotactic,2
gig_446h,hypotactic,7
gig_446h,paratactic,1
gig_446i,hypotactic,1
gig_446i,paratactic,2
gig_447a,hypotactic,8
gig_447a,paratactic,4
gig_447c,hypotactic,6
gig_447c,paratactic,3
gig_447e,hypotactic,8
gig_447e,paratactic,5
gig_447f,hypotactic,2
gig_447f,paratactic,1
gig_447g,hypotactic,1
gig_447g,paratactic,3
gig_447h,hypotactic,1
gig_447h,paratactic,1
gig_447i,hypotactic,1
gig_447i,paratactic,3
gig_447j,hypotactic,1
gig_447j,paratactic,3
gig_447k,hypotactic,4
gig_448a,hypotactic,10
gig_448a,paratactic,7
gig_448b,hypotactic,12
gig_448b,paratactic,6
gig_448c,hypotactic,19
gig_448c,paratactic,10
gig_448d,hypotactic,2
gig_448e,hypotactic,8
gig_448e,paratactic,1
gig_448f,hypotactic,8
gig_448f,paratactic,4
gig_448g,hypotactic,4
gig_448g,paratactic,1
gig_448h,hypotactic,4
gig_448h,paratactic,2
gig_448i,hypotactic,3
gig_448i,paratactic,7
gig_448j,hypotactic,5
gig_448j,paratactic,1
gig_448k,hypotactic,6
gig_448k,paratactic,1
gig_448l,hypotactic,3
gig_448l,paratactic,1
gig_449a,hypotactic,4
gig_449a,paratactic,1
gig_449b,hypotactic,2
gig_449d,hypotactic,2
gig_449d,paratactic,3
gig_449e,hypotactic,2
gig_449f,paratactic,1
gig_449g,hypotactic,3
gig_449g,paratactic,1
gig_44a,paratactic,1
gig_44b,hypotactic,1
gig_44b,paratactic,1
gig_44c,hypotactic,1
gig_44c,paratactic,6
gig_44d,paratactic,5
gig_450a,hypotactic,4
gig_450a,paratactic,6
gig_450b,hypotactic,6
gig_450b,paratactic,7
gig_450c,hypotactic,5
gig_450c,paratactic,6
gig_450d,hypotactic,1
gig_450e,hypotactic,3
gig_450e,paratactic,3
gig_450f,hypotactic,4
gig_450f,paratactic,1
gig_450g,hypotactic,2
gig_450h,hypotactic,9
gig_450h,paratactic,5
gig_450i,hypotactic,5
gig_450i,paratactic,3
gig_450j,hypotactic,1
gig_450k,hypotactic,4
gig_450k,paratactic,2
gig_450l,hypotactic,1
gig_450l,paratactic,1
gig_451a,hypotactic,6
gig_451a,paratactic,4
gig_451b,hypotactic,2
gig_451b,paratactic,1
gig_451c,hypotactic,3
gig_451e,hypotactic,4
gig_451f,hypotactic,1
gig_451f,paratactic,1
gig_451g,hypotactic,3
gig_451g,paratactic,2
gig_451i,hypotactic,3
gig_451i,paratactic,1
gig_451j,paratactic,2
gig_452a,hypotactic,7
gig_452a,paratactic,4
gig_452b,hypotactic,6
gig_452b,paratactic,2
gig_452c,hypotactic,7
gig_452c,paratactic,1
gig_452d,hypotactic,1
gig_452e,hypotactic,2
gig_452e,paratactic,2
gig_452f,hypotactic,4
gig_452f,paratactic,1
gig_452g,hypotactic,7
gig_452g,paratactic,1
gig_452h,hypotactic,2
gig_452h,paratactic,1
gig_452i,hypotactic,3
gig_452j,hypotactic,3
gig_452k,hypotactic,2
gig_453a,hypotactic,5
gig_453a,paratactic,5
gig_453b,hypotactic,3
gig_453b,paratactic,1
gig_453c,hypotactic,5
gig_453c,paratactic,4
gig_453f,hypotactic,5
gig_453f,paratactic,4
gig_453h,paratactic,4
gig_454a,hypotactic,3
gig_454a,paratactic,1
gig_454b,hypotactic,6
gig_454b,paratactic,2
gig_454c,hypotactic,6
gig_454c,paratactic,2
gig_454d,hypotactic,1
gig_454e,hypotactic,4
gig_454f,hypotactic,4
gig_454f,paratactic,6
gig_454g,hypotactic,2
gig_454g,paratactic,3
gig_454h,hypotactic,3
gig_454h,paratactic,1
gig_454j,hypotactic,2
gig_454j,paratactic,1
gig_454k,hypotactic,1
gig_454k,paratactic,3
gig_455a,hypotactic,6
gig_455a,paratactic,5
gig_455b,hypotactic,8
gig_455b,paratactic,3
gig_455e,hypotactic,2
gig_455e,paratactic,1
gig_455f,paratactic,5
gig_455g,hypotactic,2
gig_455g,paratactic,1
gig_455i,hypotactic,2
gig_455i,paratactic,6
gig_455j,hypotactic,1
gig_455j,paratactic,1
gig_456a,hypotactic,3
gig_456a,paratactic,11
gig_456b,hypotactic,4
gig_456b,paratactic,1
gig_456c,hypotactic,4
gig_456d,hypotactic,1
gig_456d,paratactic,1
gig_456e,hypotactic,2
gig_456f,hypotactic,1
gig_456g,hypotactic,1
gig_456g,paratactic,2
gig_456h,paratactic,2
gig_456i,hypotactic,1
gig_456i,paratactic,2
gig_457a,hypotactic,8
gig_457a,paratactic,5
gig_457b,hypotactic,4
gig_457b,paratactic,1
gig_457c,hypotactic,8
gig_457c,paratactic,3
gig_457d,hypotactic,2
gig_457d,paratactic,3
gig_457e,hypotactic,1
gig_457e,paratactic,2
gig_457f,hypotactic,1
gig_457f,paratactic,1
gig_457g,hypotactic,1
gig_457i,hypotactic,3
gig_457j,hypotactic,5
gig_458a,hypotactic,20
gig_458a,paratactic,12
gig_458b,hypotactic,10
gig_458b,paratactic,2
gig_458c,hypotactic,11
gig_458c,paratactic,1
gig_458d,hypotactic,2
gig_458e,hypotactic,2
gig_458e,paratactic,5
gig_458f,hypotactic,6
gig_458f,paratactic,2
gig_458g,hypotactic,2
gig_458g,paratactic,1
gig_458h,hypotactic,2
gig_458h,paratactic,1
gig_458i,hypotactic,2
gig_458i,paratactic,1
gig_458j,hypotactic,7
gig_458j,paratactic,2
gig_458k,hypotactic,7
gig_458k,paratactic,3
gig_458l,hypotactic,9
gig_458l,paratactic,2
gig_458m,hypotactic,1
gig_458m,paratactic,2
gig_459a,hypotactic,11
gig_459a,paratactic,1
gig_459b,hypotactic,4
gig_459c,hypotactic,3
gig_459c,paratactic,6
gig_459d,hypotactic,2
gig_459e,hypotactic,4
gig_459f,hypotactic,1
gig_459f,paratactic,2
gig_459g,paratactic,4
gig_459h,hypotactic,4
gig_459h,paratactic,1
gig_459i,hypotactic,1
gig_459i,paratactic,4
gig_459j,hypotactic,3
gig_459j,paratactic,1
gig_459k,paratactic,3
gig_45c,hypotactic,2
gig_45d,paratactic,4
gig_460a,paratactic,1
gig_460b,hypotactic,5
gig_460b,paratactic,2
gig_460e,paratactic,1
gig_460f,hypotactic,2
gig_460f,paratactic,3
gig_460g,paratactic,1
gig_460h,paratactic,4
gig_460i,hypotactic,4
gig_460i,paratactic,1
gig_460j,hypotactic,1
gig_460j,paratactic,2
gig_461a,hypotactic,7
gig_461a,paratactic,3
gig_461b,hypotactic,8
gig_461b,paratactic,4
gig_461c,hypotactic,12
gig_461c,paratactic,3
gig_461e,hypotactic,6
gig_461f,hypotactic,7
gig_461h,hypotactic,8
gig_461h,paratactic,5
gig_461i,hypotactic,2
gig_461j,hypotactic,2
gig_461j,paratactic,3
gig_461k,hypotactic,5
gig_461k,paratactic,2
gig_462a,hypotactic,3
gig_462a,paratactic,9
gig_462b,hypotactic,4
gig_462b,paratactic,1
gig_462c,paratactic,3
gig_462e,hypotactic,2
gig_462e,paratactic,1
gig_462f,hypotactic,3
gig_462f,paratactic,6
gig_462g,hypotactic,5
gig_462h,hypotactic,3
gig_462h,paratactic,1
gig_462j,hypotactic,3
gig_462j,paratactic,1
gig_463a,hypotactic,7
gig_463a,paratactic,3
gig_463c,hypotactic,5
gig_463c,paratactic,2
gig_463d,hypotactic,1
gig_463f,hypotactic,6
gig_463f,paratactic,2
gig_463h,hypotactic,3
gig_463h,paratactic,1
gig_463i,hypotactic,2
gig_463i,paratactic,2
gig_463j,hypotactic,4
gig_463k,hypotactic,6
gig_463l,hypotactic,7
gig_463l,paratactic,1
gig_463m,hypotactic,4
gig_463m,paratactic,1
gig_464a,hypotactic,9
gig_464a,paratactic,7
gig_464b,hypotactic,8
gig_464b,paratactic,5
gig_464c,hypotactic,5
gig_464c,paratactic,2
gig_464d,hypotactic,4
gig_464d,paratactic,1
gig_464e,hypotactic,1
gig_464e,paratactic,3
gig_464f,hypotactic,1
gig_464f,paratactic,2
gig_464g,hypotactic,7
gig_464h,paratactic,1
gig_464i,hypotactic,6
gig_464i,paratactic,5
gig_464j,hypotactic,2
gig_464j,paratactic,1
gig_465a,hypotactic,5
gig_465a,paratactic,10
gig_465b,hypotactic,6
gig_465b,paratactic,2
gig_465c,hypotactic,9
gig_465c,paratactic,3
gig_465d,hypotactic,2
gig_465e,hypotactic,2
gig_465e,paratactic,1
gig_465f,hypotactic,1
gig_465f,paratactic,2
gig_465i,paratactic,3
gig_466a,hypotactic,2
gig_466b,hypotactic,1
gig_466b,paratactic,7
gig_466c,hypotactic,6
gig_466c,paratactic,1
gig_466d,hypotactic,2
gig_466e,hypotactic,1
gig_466e,paratactic,1
gig_466f,hypotactic,2
gig_466g,hypotactic,1
gig_466g,paratactic,3
gig_466h,hypotactic,1
gig_466h,paratactic,2
gig_466i,paratactic,2
gig_466j,hypotactic,5
gig_466j,paratactic,1
gig_466k,hypotactic,5
gig_467a,hypotactic,2
gig_467a,paratactic,10
gig_467b,hypotactic,3
gig_467b,paratactic,4
gig_467c,hypotactic,7
gig_467c,paratactic,4
gig_467d,hypotactic,1
gig_467d,paratactic,1
gig_467e,hypotactic,1
gig_467e,paratactic,1
gig_467f,hypotactic,3
gig_467f,paratactic,1
gig_467g,hypotactic,1
gig_467g,paratactic,2
gig_467h,hypotactic,2
gig_467h,paratactic,2
gig_467i,hypotactic,2
gig_467i,paratactic,2
gig_467j,hypotactic,3
gig_468a,hypotactic,10
gig_468a,paratactic,5
gig_468b,hypotactic,5
gig_468c,hypotactic,4
gig_468c,paratactic,1
gig_468d,hypotactic,3
gig_468d,paratactic,2
gig_468e,hypotactic,2
gig_468e,paratactic,2
gig_468f,paratactic,6
gig_468g,hypotactic,3
gig_468g,paratactic,2
gig_468h,paratactic,1
gig_468i,hypotactic,4
gig_468i,paratactic,1
gig_468j,hypotactic,1
gig_469,hypotactic,5
gig_469,paratactic,1
gig_470a,hypotactic,8
gig_470a,paratactic,1
gig_470b,hypotactic,8
gig_470b,paratactic,3
gig_470c,hypotactic,1
gig_471a,hypotactic,5
gig_471a,paratactic,5
gig_471b,hypotactic,3
gig_471b,paratactic,1
gig_471c,hypotactic,7
gig_471c,paratactic,4
gig_472a,hypotactic,4
gig_472a,paratactic,1
gig_472b,hypotactic,1
gig_472b,paratactic,3
gig_473a,hypotactic,13
gig_473a,paratactic,4
gig_473b,hypotactic,2
gig_473b,paratactic,1
gig_473c,paratactic,1
gig_474a,hypotactic,7
gig_474a,paratactic,7
gig_474b,paratactic,2
gig_474c,hypotactic,5
gig_474c,paratactic,1
gig_475a,hypotactic,2
gig_475a,paratactic,2
gig_475b,hypotactic,6
gig_475b,paratactic,2
gig_475c,hypotactic,4
gig_475c,paratactic,8
gig_475d,hypotactic,4
gig_475d,paratactic,7
gig_476a,hypotactic,7
gig_476a,paratactic,2
gig_476b,hypotactic,9
gig_476b,paratactic,8
gig_476c,hypotactic,5
gig_476c,paratactic,6
gig_476d,hypotactic,4
gig_476d,paratactic,1
gig_477a,hypotactic,9
gig_477a,paratactic,5
gig_477b,hypotactic,4
gig_477b,paratactic,5
gig_477c,hypotactic,15
gig_477c,paratactic,5
gig_478a,hypotactic,3
gig_478a,paratactic,3
gig_478b,hypotactic,6
gig_478b,paratactic,6
gig_478c,hypotactic,7
gig_478c,paratactic,4
gig_479a,hypotactic,3
gig_479a,paratactic,2
gig_479b,hypotactic,9
gig_479b,paratactic,6
gig_479c,hypotactic,23
gig_479c,paratactic,6
gig_479d,hypotactic,11
gig_479d,paratactic,4
gig_47b,paratactic,1
gig_47c,hypotactic,3
gig_47c,paratactic,5
gig_47d,paratactic,1
gig_480a,hypotactic,1
gig_480a,paratactic,2
gig_480c,hypotactic,6
gig_480c,paratactic,1
gig_480d,paratactic,1
gig_481a,hypotactic,6
gig_481a,paratactic,2
gig_481b,hypotactic,8
gig_481b,paratactic,1
gig_481c,hypotactic,14
gig_481c,paratactic,5
gig_482a,hypotactic,2
gig_482a,paratactic,1
gig_482b,hypotactic,8
gig_482b,paratactic,1
gig_482c,hypotactic,4
gig_482c,paratactic,1
gig_482d,hypotactic,3
gig_482d,paratactic,3
gig_483a,hypotactic,3
gig_483b,hypotactic,4
gig_483b,paratactic,1
gig_483c,hypotactic,5
gig_483c,paratactic,5
gig_483d,hypotactic,4
gig_483d,paratactic,4
gig_484a,hypotactic,2
gig_484a,paratactic,2
gig_484b,hypotactic,10
gig_484b,paratactic,5
gig_484c,hypotactic,7
gig_484c,paratactic,3
gig_484d,hypotactic,2
gig_484d,paratactic,3
gig_485a,hypotactic,4
gig_485a,paratactic,3
gig_485b,hypotactic,2
gig_485b,paratactic,1
gig_485c,hypotactic,7
gig_485c,paratactic,2
gig_485d,hypotactic,1
gig_485d,paratactic,4
gig_486a,hypotactic,4
gig_486a,paratactic,5
gig_486b,hypotactic,1
gig_486b,paratactic,2
gig_486c,hypotactic,1
gig_486c,paratactic,4
gig_486d,hypotactic,1
gig_486d,paratactic,4
gig_487a,hypotactic,2
gig_487a,paratactic,1
gig_487b,hypotactic,7
gig_487b,paratactic,6
gig_487c,hypotactic,6
gig_487c,paratactic,3
gig_487d,hypotactic,1
gig_487d,paratactic,2
gig_488a,hypotactic,2
gig_488b,hypotactic,5
gig_488b,paratactic,2
gig_488c,hypotactic,8
gig_488c,paratactic,4
gig_488d,hypotactic,3
gig_488d,paratactic,4
gig_489,hypotactic,4
gig_489,paratactic,9
gig_48a,paratactic,3
gig_490,hypotactic,7
gig_490,paratactic,10
gig_491,hypotactic,7
gig_491,paratactic,3
gig_492,hypotactic,11
gig_492,paratactic,6
gig_493,hypotactic,11
gig_493,paratactic,11
gig_494,hypotactic,10
gig_494,paratactic,9
gig_495,hypotactic,3
gig_495,paratactic,2
gig_496,hypotactic,9
gig_496,paratactic,5
gig_497,hypotactic,4
gig_497,paratactic,5
gig_498,hypotactic,6
gig_498,paratactic,9
gig_499,hypotactic,11
gig_49a,hypotactic,4
gig_49a,paratactic,2
gig_49b,paratactic,1
gig_49c,paratactic,7
gig_49d,paratactic,2
gig_5,hypotactic,5
gig_5,paratactic,4
gig_500,hypotactic,2
gig_500,paratactic,3
gig_501,hypotactic,3
gig_501,paratactic,3
gig_502,hypotactic,4
gig_502,paratactic,5
gig_503,hypotactic,2
gig_503,paratactic,4
gig_504,hypotactic,9
gig_504,paratactic,6
gig_505,hypotactic,12
gig_505,paratactic,4
gig_506,hypotactic,4
gig_506,paratactic,5
gig_507,hypotactic,11
gig_507,paratactic,2
gig_508,hypotactic,2
gig_508,paratactic,5
gig_509,hypotactic,8
gig_509,paratactic,5
gig_50c,paratactic,4
gig_50d,paratactic,3
gig_510,hypotactic,2
gig_510,paratactic,4
gig_511,hypotactic,8
gig_511,paratactic,4
gig_512,hypotactic,6
gig_512,paratactic,3
gig_513,hypotactic,7
gig_513,paratactic,2
gig_514,hypotactic,5
gig_514,paratactic,10
gig_515,hypotactic,5
gig_515,paratactic,11
gig_516,hypotactic,10
gig_516,paratactic,10
gig_517a,hypotactic,1
gig_517a,paratactic,1
gig_517b,hypotactic,5
gig_517b,paratactic,2
gig_517c,hypotactic,2
gig_517c,paratactic,2
gig_518a,hypotactic,2
gig_518a,paratactic,8
gig_518b,hypotactic,2
gig_518b,paratactic,5
gig_518c,hypotactic,3
gig_518c,paratactic,5
gig_518d,hypotactic,1
gig_518d,paratactic,1
gig_518e,hypotactic,2
gig_518f,hypotactic,3
gig_518f,paratactic,5
gig_519a,hypotactic,3
gig_519a,paratactic,2
gig_519b,paratactic,3
gig_519c,paratactic,1
gig_519e,hypotactic,2
gig_519f,hypotactic,4
gig_519f,paratactic,3
gig_51a,hypotactic,1
gig_51a,paratactic,1
gig_51b,paratactic,2
gig_51c,paratactic,2
gig_51d,hypotactic,4
gig_51d,paratactic,1
gig_520a,hypotactic,1
gig_520b,hypotactic,1
gig_520b,paratactic,1
gig_520c,hypotactic,7
gig_520c,paratactic,4
gig_521a,hypotactic,4
gig_521a,paratactic,2
gig_521b,hypotactic,3
gig_521b,paratactic,7
gig_521c,hypotactic,3
gig_521c,paratactic,1
gig_521d,hypotactic,4
gig_521d,paratactic,5
gig_521e,hypotactic,5
gig_521e,paratactic,6
gig_521f,hypotactic,9
gig_521f,paratactic,4
gig_522a,hypotactic,6
gig_522a,paratactic,3
gig_522b,hypotactic,7
gig_522b,paratactic,9
gig_522c,hypotactic,5
gig_522c,paratactic,3
gig_522d,hypotactic,5
gig_522d,paratactic,7
gig_522e,hypotactic,2
gig_522e,paratactic,3
gig_522f,hypotactic,5
gig_522f,paratactic,4
gig_523a,hypotactic,3
gig_523a,paratactic,1
gig_523b,hypotactic,1
gig_523b,paratactic,2
gig_523c,hypotactic,5
gig_523d,hypotactic,5
gig_523d,paratactic,3
gig_523e,hypotactic,8
gig_523e,paratactic,2
gig_523f,hypotactic,6
gig_523f,paratactic,3
gig_523g,hypotactic,3
gig_523g,paratactic,2
gig_524a,hypotactic,2
gig_524a,paratactic,5
gig_524b,hypotactic,14
gig_524b,paratactic,5
gig_524c,hypotactic,3
gig_524c,paratactic,2
gig_524d,hypotactic,3
gig_525a,hypotactic,1
gig_525a,paratactic,1
gig_525b,paratactic,1
gig_525c,hypotactic,1
gig_525c,paratactic,3
gig_525d,hypotactic,7
gig_525d,paratactic,3
gig_525e,hypotactic,5
gig_525e,paratactic,2
gig_525f,hypotactic,3
gig_525f,paratactic,4
gig_526,hypotactic,9
gig_526,paratactic,7
gig_527,hypotactic,3
gig_527,paratactic,5
gig_528,hypotactic,5
gig_528,paratactic,6
gig_529,hypotactic,6
gig_529,paratactic,12
gig_52a,paratactic,2
gig_530,hypotactic,3
gig_530,paratactic,7
gig_531,hypotactic,3
gig_531,paratactic,7
gig_532,hypotactic,5
gig_532,paratactic,13
gig_533,hypotactic,15
gig_533,paratactic,9
gig_534,hypotactic,3
gig_534,paratactic,5
gig_535,hypotactic,5
gig_535,paratactic,8
gig_536,paratactic,2
gig_537,hypotactic,2
gig_537,paratactic,1
gig_538,hypotactic,5
gig_538,paratactic,2
gig_539,hypotactic,3
gig_539,paratactic,1
gig_53a,hypotactic,2
gig_53a,paratactic,12
gig_540,hypotactic,1
gig_540,paratactic,1
gig_541,hypotactic,2
gig_541,paratactic,1
gig_543,hypotactic,3
gig_543,paratactic,3
gig_544,hypotactic,2
gig_544,paratactic,1
gig_545,hypotactic,12
gig_545,paratactic,14
gig_546,hypotactic,8
gig_546,paratactic,7
gig_547,hypotactic,6
gig_547,paratactic,4
gig_548,hypotactic,1
gig_548,paratactic,2
gig_549,hypotactic,5
gig_549,paratactic,7
gig_54a,paratactic,3
gig_550,hypotactic,7
gig_550,paratactic,6
gig_551,hypotactic,9
gig_551,paratactic,11
gig_552,hypotactic,12
gig_552,paratactic,10
gig_553,hypotactic,9
gig_553,paratactic,4
gig_554,hypotactic,13
gig_554,paratactic,7
gig_555,hypotactic,17
gig_555,paratactic,9
gig_556,hypotactic,5
gig_556,paratactic,5
gig_557,hypotactic,36
gig_557,paratactic,13
gig_558,hypotactic,14
gig_558,paratactic,4
gig_559,hypotactic,20
gig_559,paratactic,14
gig_55a,hypotactic,2
gig_560,hypotactic,10
gig_560,paratactic,9
gig_561,hypotactic,13
gig_561,paratactic,8
gig_562,hypotactic,11
gig_563,hypotactic,9
gig_563,paratactic,12
gig_564,hypotactic,7
gig_564,paratactic,5
gig_565,hypotactic,12
gig_565,paratactic,9
gig_566,hypotactic,11
gig_566,paratactic,8
gig_567,hypotactic,17
gig_567,paratactic,12
gig_568,hypotactic,5
gig_568,paratactic,1
gig_569,hypotactic,18
gig_569,paratactic,14
gig_56a,hypotactic,4
gig_56a,paratactic,1
gig_56b,hypotactic,1
gig_56b,paratactic,1
gig_570,hypotactic,10
gig_570,paratactic,5
gig_571,hypotactic,17
gig_571,paratactic,9
gig_572,hypotactic,21
gig_572,paratactic,3
gig_573,hypotactic,11
gig_573,paratactic,7
gig_574,hypotactic,4
gig_574,paratactic,2
gig_575,hypotactic,28
gig_575,paratactic,8
gig_576,hypotactic,9
gig_576,paratactic,6
gig_577,hypotactic,20
gig_577,paratactic,15
gig_578,hypotactic,6
gig_578,paratactic,7
gig_579,hypotactic,9
gig_579,paratactic,3
gig_57a,hypotactic,12
gig_57a,paratactic,2
gig_580,hypotactic,6
gig_580,paratactic,4
gig_581,hypotactic,6
gig_581,paratactic,3
gig_582,hypotactic,14
gig_582,paratactic,10
gig_583,hypotactic,5
gig_583,paratactic,8
gig_584,hypotactic,28
gig_584,paratactic,13
gig_585,hypotactic,10
gig_585,paratactic,5
gig_586,hypotactic,15
gig_586,paratactic,4
gig_587,hypotactic,12
gig_587,paratactic,9
gig_588,hypotactic,15
gig_588,paratactic,11
gig_589,hypotactic,10
gig_589,paratactic,5
gig_58a,hypotactic,6
gig_58a,paratactic,3
gig_58b,hypotactic,12
gig_58b,paratactic,2
gig_58c,hypotactic,8
gig_58c,paratactic,4
gig_590,hypotactic,6
gig_590,paratactic,4
gig_591,hypotactic,8
gig_591,paratactic,3
gig_592,hypotactic,12
gig_592,paratactic,6
gig_593,hypotactic,11
gig_593,paratactic,6
gig_594,hypotactic,7
gig_594,paratactic,6
gig_595,hypotactic,6
gig_595,paratactic,4
gig_596,hypotactic,9
gig_596,paratactic,3
gig_597,hypotactic,10
gig_597,paratactic,4
gig_598,hypotactic,22
gig_598,paratactic,10
gig_599,hypotactic,3
gig_599,paratactic,3
gig_59a,hypotactic,2
gig_59a,paratactic,11
gig_59b,hypotactic,12
gig_59b,paratactic,6
gig_600,hypotactic,11
gig_600,paratactic,6
gig_601,hypotactic,12
gig_601,paratactic,2
gig_602,hypotactic,4
gig_602,paratactic,2
gig_603,hypotactic,11
gig_603,paratactic,9
gig_604,hypotactic,17
gig_604,paratactic,5
gig_605,hypotactic,19
gig_605,paratactic,8
gig_606,hypotactic,3
gig_606,paratactic,7
gig_607,hypotactic,6
gig_607,paratactic,5
gig_608,hypotactic,6
gig_608,paratactic,12
gig_609,hypotactic,11
gig_609,paratactic,2
gig_60a,hypotactic,5
gig_60a,paratactic,5
gig_610,hypotactic,8
gig_610,paratactic,2
gig_611,hypotactic,16
gig_611,paratactic,8
gig_612,hypotactic,6
gig_612,paratactic,2
gig_613c,paratactic,3
gig_613h,hypotactic,1
gig_613h,paratactic,1
gig_613i,hypotactic,1
gig_614c,paratactic,5
gig_614d,paratactic,4
gig_614g,hypotactic,1
gig_614h,paratactic,3
gig_614i,paratactic,1
gig_614j,paratactic,1
gig_615a,paratactic,1
gig_615b,paratactic,1
gig_615d,paratactic,3
gig_616b,hypotactic,1
gig_616b,paratactic,1
gig_616c,hypotactic,2
gig_616e,paratactic,1
gig_617b,paratactic,3
gig_617c,hypotactic,1
gig_617d,hypotactic,2
gig_617e,paratactic,1
gig_617f,paratactic,5
gig_618b,hypotactic,1
gig_618c,paratactic,3
gig_618f,paratactic,2
gig_619a,hypotactic,2
gig_619c,paratactic,1
gig_619d,paratactic,1
gig_619h,paratactic,2
gig_61a,hypotactic,3
gig_61a,paratactic,2
gig_61b,hypotactic,11
gig_61b,paratactic,3
gig_61c,hypotactic,6
gig_61c,paratactic,1
gig_620d,hypotactic,1
gig_620f,paratactic,1
gig_621b,paratactic,7
gig_621g,hypotactic,1
gig_621g,paratactic,2
gig_621h,paratactic,5
gig_621i,hypotactic,2
gig_622e,hypotactic,1
gig_622i,paratactic,1
gig_622k,paratactic,1
gig_623a,paratactic,5
gig_623c,paratactic,8
gig_623e,hypotactic,1
gig_623e,paratactic,1
gig_623f,hypotactic,4
gig_623g,hypotactic,1
gig_623g,paratactic,2
gig_623h,hypotactic,1
gig_623i,hypotactic,8
gig_623i,paratactic,1
gig_623j,paratactic,4
gig_624a,paratactic,2
gig_624b,hypotactic,1
gig_624b,paratactic,1
gig_624c,paratactic,1
gig_624d,hypotactic,2
gig_625a,hypotactic,1
gig_625a,paratactic,6
gig_625b,hypotactic,2
gig_625b,paratactic,3
gig_625c,hypotactic,4
gig_625c,paratactic,1
gig_625d,hypotactic,1
gig_625d,paratactic,1
gig_626a,hypotactic,5
gig_626a,paratactic,8
gig_626b,hypotactic,1
gig_626b,paratactic,3
gig_626c,hypotactic,1
gig_626c,paratactic,2
gig_626d,hypotactic,4
gig_627a,paratactic,1
gig_627b,hypotactic,2
gig_627d,hypotactic,2
gig_628a,hypotactic,3
gig_628a,paratactic,2
gig_628b,hypotactic,7
gig_628c,hypotactic,6
gig_628c,paratactic,2
gig_628d,hypotactic,5
gig_628d,paratactic,3
gig_628e,hypotactic,1
gig_628e,paratactic,1
gig_629a,hypotactic,1
gig_629a,paratactic,13
gig_629b,hypotactic,2
gig_629b,paratactic,2
gig_629c,paratactic,8
gig_629d,hypotactic,2
gig_62a,hypotactic,5
gig_62a,paratactic,6
gig_62b,hypotactic,3
gig_630a,hypotactic,2
gig_630a,paratactic,2
gig_630b,hypotactic,1
gig_630c,hypotactic,4
gig_630e,hypotactic,2
gig_630f,paratactic,2
gig_630g,hypotactic,1
gig_630g,paratactic,4
gig_630h,hypotactic,2
gig_630i,hypotactic,1
gig_630j,hypotactic,1
gig_630j,paratactic,1
gig_630k,paratactic,1
gig_632c,paratactic,1
gig_632d,paratactic,3
gig_633a,paratactic,1
gig_633b,hypotactic,1
gig_633b,paratactic,3
gig_633c,hypotactic,2
gig_634c,hypotactic,1
gig_634c,paratactic,14
gig_634d,hypotactic,1
gig_634f,paratactic,3
gig_634g,paratactic,1
gig_634h,paratactic,2
gig_634i,paratactic,1
gig_635a,hypotactic,1
gig_635a,paratactic,1
gig_635b,hypotactic,1
gig_635b,paratactic,2
gig_635c,hypotactic,1
gig_635d,hypotactic,2
gig_635d,paratactic,1
gig_635e,paratactic,2
gig_635f,hypotactic,2
gig_635f,paratactic,3
gig_635g,paratactic,1
gig_635h,paratactic,3
gig_635i,paratactic,3
gig_635j,paratactic,1
gig_636b,hypotactic,1
gig_636b,paratactic,4
gig_636c,hypotactic,2
gig_636d,hypotactic,2
gig_636d,paratactic,1
gig_636e,hypotactic,1
gig_636e,paratactic,3
gig_636f,paratactic,3
gig_636g,paratactic,4
gig_636h,hypotactic,2
gig_636h,paratactic,2
gig_637a,hypotactic,1
gig_637a,paratactic,1
gig_637c,hypotactic,2
gig_637c,paratactic,6
gig_637d,hypotactic,3
gig_637d,paratactic,1
gig_637f,paratactic,2
gig_637g,hypotactic,1
gig_637g,paratactic,2
gig_637h,paratactic,3
gig_637j,hypotactic,1
gig_637j,paratactic,1
gig_638c,paratactic,2
gig_638d,hypotactic,2
gig_638d,paratactic,1
gig_638e,hypotactic,1
gig_638f,paratactic,2
gig_638g,hypotactic,2
gig_638g,paratactic,1
gig_638h,paratactic,1
gig_638i,hypotactic,5
gig_638i,paratactic,1
gig_639a,hypotactic,1
gig_639a,paratactic,1
gig_639b,paratactic,3
gig_639c,hypotactic,2
gig_639c,paratactic,1
gig_63a,hypotactic,1
gig_63a,paratactic,1
gig_640a,hypotactic,2
gig_640a,paratactic,5
gig_640b,hypotactic,2
gig_640b,paratactic,2
gig_640c,paratactic,3
gig_640d,paratactic,1
gig_641a,paratactic,9
gig_641b,hypotactic,7
gig_641b,paratactic,2
gig_641c,hypotactic,2
gig_641c,paratactic,4
gig_641d,hypotactic,1
gig_642,hypotactic,12
gig_642,paratactic,2
gig_643,hypotactic,8
gig_643,paratactic,4
gig_644,hypotactic,5
gig_644,paratactic,1
gig_645,hypotactic,13
gig_645,paratactic,4
gig_646,hypotactic,17
gig_646,paratactic,4
gig_647,hypotactic,7
gig_648,hypotactic,7
gig_648,paratactic,3
gig_649,hypotactic,8
gig_649,paratactic,1
gig_64a,hypotactic,4
gig_64a,paratactic,7
gig_64b,hypotactic,3
gig_64b,paratactic,3
gig_650,hypotactic,8
gig_650,paratactic,1
gig_651,hypotactic,3
gig_651,paratactic,4
gig_652,hypotactic,17
gig_652,paratactic,3
gig_653,hypotactic,6
gig_653,paratactic,1
gig_654,hypotactic,27
gig_654,paratactic,2
gig_655,hypotactic,6
gig_655,paratactic,1
gig_656,hypotactic,8
gig_656,paratactic,2
gig_657,hypotactic,6
gig_657,paratactic,2
gig_658,hypotactic,7
gig_658,paratactic,5
gig_659,hypotactic,12
gig_659,paratactic,1
gig_65a,hypotactic,6
gig_65a,paratactic,2
gig_65b,hypotactic,9
gig_65b,paratactic,2
gig_65c,hypotactic,5
gig_65c,paratactic,1
gig_661,hypotactic,4
gig_661,paratactic,2
gig_662,hypotactic,9
gig_662,paratactic,3
gig_663,hypotactic,21
gig_663,paratactic,4
gig_664,hypotactic,8
gig_664,paratactic,1
gig_666,hypotactic,10
gig_666,paratactic,1
gig_668,hypotactic,13
gig_668,paratactic,2
gig_669,hypotactic,18
gig_669,paratactic,7
gig_66a,hypotactic,3
gig_66a,paratactic,5
gig_66b,hypotactic,14
gig_66b,paratactic,2
gig_675,hypotactic,19
gig_675,paratactic,3
gig_676,hypotactic,3
gig_676,paratactic,3
gig_677,paratactic,4
gig_678a,hypotactic,1
gig_678b,hypotactic,4
gig_678c,hypotactic,2
gig_679,hypotactic,1
gig_679,paratactic,2
gig_67a,hypotactic,9
gig_67a,paratactic,2
gig_67b,hypotactic,9
gig_67b,paratactic,15
gig_67c,hypotactic,4
gig_67c,paratactic,2
gig_680,paratactic,1
gig_681,paratactic,1
gig_682b,hypotactic,1
gig_685,hypotactic,1
gig_686a,hypotactic,1
gig_686a,paratactic,2
gig_686b,hypotactic,2
gig_686c,hypotactic,1
gig_686c,paratactic,1
gig_687a,hypotactic,2
gig_687a,paratactic,1
gig_687b,hypotactic,3
gig_687b,paratactic,2
gig_687c,hypotactic,2
gig_687d,paratactic,1
gig_689,hypotactic,1
gig_68a,hypotactic,5
gig_68a,paratactic,1
gig_68b,hypotactic,2
gig_68b,paratactic,4
gig_690,hypotactic,2
gig_690,paratactic,2
gig_691a,hypotactic,5
gig_691a,paratactic,1
gig_691b,hypotactic,1
gig_692a,hypotactic,5
gig_692b,hypotactic,1
gig_693,hypotactic,4
gig_693,paratactic,3
gig_694b,hypotactic,2
gig_694b,paratactic,1
gig_696a,hypotactic,1
gig_696a,paratactic,2
gig_696b,hypotactic,3
gig_696c,hypotactic,2
gig_696c,paratactic,2
gig_696d,paratactic,1
gig_69a,hypotactic,6
gig_69a,paratactic,1
gig_69b,hypotactic,1
gig_69b,paratactic,1
gig_6a,paratactic,2
gig_6d,hypotactic,1
gig_6d,paratactic,1
gig_700a,hypotactic,1
gig_700c,paratactic,1
gig_703a,hypotactic,2
gig_703a,paratactic,2
gig_703b,hypotactic,1
gig_704a,paratactic,3
gig_704b,hypotactic,1
gig_704c,paratactic,2
gig_705a,hypotactic,3
gig_705a,paratactic,1
gig_705c,hypotactic,5
gig_705c,paratactic,1
gig_706a,hypotactic,2
gig_706a,paratactic,1
gig_706c,hypotactic,2
gig_707a,hypotactic,2
gig_707a,paratactic,1
gig_707b,hypotactic,1
gig_707b,paratactic,1
gig_707c,paratactic,1
gig_707d,hypotactic,4
gig_707d,paratactic,1
gig_707e,paratactic,1
gig_707f,hypotactic,2
gig_707f,paratactic,3
gig_707g,paratactic,2
gig_707h,hypotactic,2
gig_708a,hypotactic,2
gig_708a,paratactic,1
gig_708b,hypotactic,6
gig_708b,paratactic,1
gig_708c,hypotactic,1
gig_708d,hypotactic,1
gig_709,hypotactic,4
gig_709,paratactic,10
gig_70a,hypotactic,1
gig_70a,paratactic,1
gig_70b,hypotactic,8
gig_70b,paratactic,2
gig_710a,hypotactic,15
gig_710a,paratactic,1
gig_710b,hypotactic,1
gig_710b,paratactic,2
gig_711a,hypotactic,3
gig_711a,paratactic,4
gig_711b,hypotactic,2
gig_711c,hypotactic,5
gig_711c,paratactic,4
gig_711d,paratactic,1
gig_712a,hypotactic,13
gig_712a,paratactic,2
gig_712b,hypotactic,9
gig_712b,paratactic,6
gig_712c,hypotactic,9
gig_712c,paratactic,5
gig_713a,hypotactic,12
gig_713a,paratactic,11
gig_713b,hypotactic,11
gig_713b,paratactic,4
gig_713c,hypotactic,21
gig_713c,paratactic,14
gig_714a,hypotactic,3
gig_714a,paratactic,3
gig_714b,hypotactic,6
gig_714b,paratactic,6
gig_714c,hypotactic,8
gig_714c,paratactic,3
gig_715a,hypotactic,5
gig_715a,paratactic,3
gig_715b,hypotactic,4
gig_715b,paratactic,2
gig_715c,hypotactic,3
gig_715c,paratactic,5
gig_716a,hypotactic,5
gig_716a,paratactic,3
gig_716b,hypotactic,8
gig_716b,paratactic,4
gig_716c,hypotactic,1
gig_716d,hypotactic,2
gig_716d,paratactic,4
gig_716e,hypotactic,7
gig_716e,paratactic,4
gig_716f,hypotactic,2
gig_716f,paratactic,2
gig_716g,hypotactic,9
gig_716g,paratactic,4
gig_717a,hypotactic,4
gig_717a,paratactic,2
gig_717b,hypotactic,2
gig_717b,paratactic,7
gig_718a,hypotactic,8
gig_718a,paratactic,2
gig_718b,hypotactic,14
gig_718b,paratactic,5
gig_718c,hypotactic,13
gig_718c,paratactic,8
gig_719a,hypotactic,14
gig_719a,paratactic,4
gig_719b,hypotactic,12
gig_719b,paratactic,3
gig_719c,hypotactic,4
gig_719c,paratactic,5
gig_71a,paratactic,1
gig_71b,hypotactic,2
gig_71b,paratactic,2
gig_71c,hypotactic,2
gig_720a,hypotactic,7
gig_720a,paratactic,3
gig_720b,hypotactic,4
gig_720b,paratactic,8
gig_720c,hypotactic,1
gig_720c,paratactic,1
gig_720d,paratactic,2
gig_720e,hypotactic,4
gig_720e,paratactic,4
gig_720f,hypotactic,10
gig_720f,paratactic,6
gig_720g,paratactic,2
gig_720h,paratactic,1
gig_721,hypotactic,3
gig_721,paratactic,2
gig_722a,hypotactic,5
gig_722a,paratactic,2
gig_722b,hypotactic,7
gig_722b,paratactic,2
gig_722c,hypotactic,4
gig_722c,paratactic,2
gig_722d,hypotactic,11
gig_722d,paratactic,3
gig_722e,hypotactic,4
gig_722e,paratactic,7
gig_723a,hypotactic,18
gig_723a,paratactic,6
gig_723b,hypotactic,13
gig_723b,paratactic,7
gig_724a,hypotactic,3
gig_724a,paratactic,2
gig_724b,hypotactic,5
gig_724b,paratactic,3
gig_724c,hypotactic,2
gig_724c,paratactic,3
gig_725a,hypotactic,9
gig_725a,paratactic,5
gig_725b,hypotactic,9
gig_725b,paratactic,11
gig_725c,hypotactic,7
gig_725c,paratactic,6
gig_726a,hypotactic,2
gig_726a,paratactic,3
gig_726b,hypotactic,3
gig_726b,paratactic,2
gig_726c,hypotactic,4
gig_726d,hypotactic,2
gig_726e,hypotactic,1
gig_726f,hypotactic,4
gig_726f,paratactic,3
gig_726g,paratactic,3
gig_726i,paratactic,1
gig_727a,hypotactic,9
gig_727a,paratactic,2
gig_727b,hypotactic,2
gig_727b,paratactic,3
gig_727c,hypotactic,7
gig_727c,paratactic,4
gig_728a,hypotactic,7
gig_728a,paratactic,3
gig_728b,hypotactic,10
gig_728b,paratactic,4
gig_728c,hypotactic,3
gig_728c,paratactic,6
gig_729a,hypotactic,6
gig_729a,paratactic,1
gig_729b,hypotactic,3
gig_72a,hypotactic,2
gig_72a,paratactic,3
gig_72b,hypotactic,3
gig_72b,paratactic,3
gig_730a,hypotactic,2
gig_730a,paratactic,3
gig_730b,hypotactic,3
gig_730b,paratactic,1
gig_730e,hypotactic,8
gig_730e,paratactic,2
gig_731a,hypotactic,10
gig_731a,paratactic,3
gig_731b,hypotactic,7
gig_731b,paratactic,2
gig_731c,hypotactic,5
gig_731c,paratactic,6
gig_731d,hypotactic,3
gig_731d,paratactic,2
gig_732a,hypotactic,4
gig_732a,paratactic,5
gig_732b,paratactic,1
gig_732c,hypotactic,5
gig_732c,paratactic,2
gig_732d,hypotactic,7
gig_732d,paratactic,2
gig_732e,hypotactic,4
gig_732e,paratactic,2
gig_732f,paratactic,1
gig_732g,hypotactic,1
gig_732g,paratactic,2
gig_735a,hypotactic,8
gig_735a,paratactic,3
gig_735b,hypotactic,7
gig_735b,paratactic,4
gig_735c,hypotactic,12
gig_735c,paratactic,3
gig_735d,hypotactic,2
gig_735d,paratactic,2
gig_735e,paratactic,2
gig_736a,hypotactic,5
gig_736a,paratactic,2
gig_736b,hypotactic,3
gig_736b,paratactic,8
gig_736c,hypotactic,2
gig_736c,paratactic,1
gig_736d,hypotactic,2
gig_736d,paratactic,2
gig_736e,hypotactic,7
gig_736e,paratactic,2
gig_73a,hypotactic,9
gig_73a,paratactic,7
gig_73b,hypotactic,6
gig_73b,paratactic,7
gig_73c,hypotactic,6
gig_73c,paratactic,2
gig_742a,hypotactic,3
gig_742a,paratactic,5
gig_742b,paratactic,2
gig_742c,hypotactic,2
gig_742c,paratactic,1
gig_744a,hypotactic,3
gig_744b,hypotactic,3
gig_744b,paratactic,3
gig_744c,paratactic,1
gig_744d,hypotactic,1
gig_745,hypotactic,6
gig_748a,hypotactic,3
gig_748a,paratactic,1
gig_748b,hypotactic,6
gig_748b,paratactic,2
gig_748c,hypotactic,4
gig_748c,paratactic,2
gig_748d,hypotactic,1
gig_748d,paratactic,2
gig_748e,hypotactic,4
gig_748e,paratactic,2
gig_749a,hypotactic,2
gig_749a,paratactic,4
gig_749b,hypotactic,1
gig_749b,paratactic,1
gig_749c,hypotactic,3
gig_749c,paratactic,1
gig_749d,hypotactic,1
gig_749d,paratactic,1
gig_749e,hypotactic,3
gig_749e,paratactic,1
gig_74a,paratactic,2
gig_74b,hypotactic,5
gig_74c,hypotactic,3
gig_74c,paratactic,4
gig_750a,hypotactic,3
gig_750a,paratactic,1
gig_750b,hypotactic,4
gig_750b,paratactic,1
gig_750c,hypotactic,2
gig_750c,paratactic,2
gig_750d,hypotactic,2
gig_750d,paratactic,1
gig_750e,paratactic,1
gig_751a,hypotactic,10
gig_751a,paratactic,3
gig_751c,hypotactic,13
gig_751c,paratactic,6
gig_751d,hypotactic,3
gig_751d,paratactic,2
gig_751e,hypotactic,5
gig_751e,paratactic,4
gig_752a,hypotactic,3
gig_752a,paratactic,1
gig_752b,hypotactic,1
gig_752b,paratactic,2
gig_752c,hypotactic,5
gig_752c,paratactic,1
gig_752d,hypotactic,2
gig_754,hypotactic,11
gig_754,paratactic,3
gig_755,hypotactic,20
gig_755,paratactic,4
gig_756a,hypotactic,2
gig_756a,paratactic,1
gig_756b,hypotactic,6
gig_756b,paratactic,1
gig_756c,hypotactic,4
gig_756c,paratactic,1
gig_756d,hypotactic,5
gig_756e,hypotactic,2
gig_756f,paratactic,2
gig_756g,hypotactic,4
gig_756g,paratactic,3
gig_756h,hypotactic,8
gig_756h,paratactic,1
gig_757a,hypotactic,1
gig_757a,paratactic,3
gig_757b,hypotactic,6
gig_757b,paratactic,2
gig_757c,hypotactic,4
gig_757c,paratactic,2
gig_757d,hypotactic,3
gig_757d,paratactic,5
gig_757e,hypotactic,8
gig_757e,paratactic,4
gig_757f,hypotactic,7
gig_757f,paratactic,3
gig_757g,hypotactic,18
gig_757g,paratactic,9
gig_757h,hypotactic,6
gig_757h,paratactic,2
gig_757i,hypotactic,1
gig_757i,paratactic,1
gig_757j,hypotactic,4
gig_757j,paratactic,4
gig_757k,hypotactic,2
gig_757l,hypotactic,6
gig_757l,paratactic,6
gig_758a,hypotactic,3
gig_758a,paratactic,7
gig_758b,hypotactic,9
gig_758b,paratactic,2
gig_758c,hypotactic,5
gig_758c,paratactic,4
gig_758d,hypotactic,5
gig_758d,paratactic,9
gig_759a,hypotactic,2
gig_759a,paratactic,1
gig_759b,hypotactic,3
gig_759b,paratactic,1
gig_759c,hypotactic,3
gig_759c,paratactic,3
gig_759d,hypotactic,5
gig_759e,hypotactic,3
gig_759e,paratactic,1
gig_759f,paratactic,2
gig_759g,hypotactic,5
gig_759g,paratactic,2
gig_759h,hypotactic,3
gig_75a,paratactic,2
gig_75b,hypotactic,5
gig_75b,paratactic,3
gig_760b,hypotactic,3
gig_760b,paratactic,3
gig_760c,paratactic,2
gig_760d,hypotactic,9
gig_760d,paratactic,1
gig_760e,hypotactic,1
gig_760f,hypotactic,4
gig_760f,paratactic,5
gig_760g,hypotactic,1
gig_760g,paratactic,4
gig_760h,hypotactic,3
gig_760h,paratactic,3
gig_761a,hypotactic,4
gig_761a,paratactic,5
gig_761b,hypotactic,5
gig_761b,paratactic,3
gig_761c,hypotactic,2
gig_761c,paratactic,2
gig_761d,hypotactic,10
gig_761d,paratactic,2
gig_761e,hypotactic,5
gig_761e,paratactic,5
gig_761f,hypotactic,7
gig_761f,paratactic,8
gig_761g,hypotactic,4
gig_761g,paratactic,6
gig_761h,hypotactic,3
gig_761h,paratactic,7
gig_762a,paratactic,3
gig_762b,hypotactic,5
gig_762b,paratactic,2
gig_762c,hypotactic,1
gig_762c,paratactic,5
gig_762d,hypotactic,7
gig_762d,paratactic,2
gig_762e,hypotactic,4
gig_762e,paratactic,1
gig_762f,hypotactic,2
gig_762f,paratactic,3
gig_762g,hypotactic,3
gig_762h,hypotactic,7
gig_762h,paratactic,4
gig_76a,hypotactic,7
gig_76a,paratactic,2
gig_76b,hypotactic,8
gig_76b,paratactic,3
gig_77a,hypotactic,1
gig_77a,paratactic,2
gig_77b,hypotactic,6
gig_77b,paratactic,3
gig_782,hypotactic,2
gig_782,paratactic,2
gig_783a,hypotactic,3
gig_783a,paratactic,6
gig_783b,hypotactic,3
gig_783b,paratactic,6
gig_784a,hypotactic,4
gig_784a,paratactic,2
gig_784b,hypotactic,3
gig_784b,paratactic,2
gig_785,hypotactic,3
gig_785,paratactic,8
gig_786,hypotactic,1
gig_786,paratactic,1
gig_787,hypotactic,1
gig_788a,hypotactic,1
gig_788a,paratactic,1
gig_788b,paratactic,3
gig_788c,paratactic,2
gig_788d,hypotactic,1
gig_788d,paratactic,2
gig_789a,hypotactic,1
gig_789a,paratactic,3
gig_78a,hypotactic,5
gig_78a,paratactic,3
gig_78b,hypotactic,15
gig_78b,paratactic,9
gig_791d,hypotactic,1
gig_792a,hypotactic,1
gig_792c,hypotactic,1
gig_793a,hypotactic,2
gig_793d,hypotactic,1
gig_793d,paratactic,2
gig_794b,hypotactic,1
gig_794c,paratactic,2
gig_797b,hypotactic,1
gig_798a,paratactic,1
gig_798c,hypotactic,1
gig_798d,paratactic,1
gig_799a,hypotactic,3
gig_799a,paratactic,2
gig_799b,hypotactic,1
gig_799c,hypotactic,1
gig_79a,hypotactic,3
gig_79a,paratactic,11
gig_79b,paratactic,4
gig_801a,paratactic,5
gig_801b,hypotactic,1
gig_801c,hypotactic,3
gig_801c,paratactic,1
gig_802a,hypotactic,2
gig_802a,paratactic,2
gig_802b,hypotactic,1
gig_802b,paratactic,3
gig_802c,hypotactic,2
gig_803a,paratactic,2
gig_803c,hypotactic,2
gig_804a,hypotactic,1
gig_804d,hypotactic,2
gig_805c,paratactic,3
gig_806a,hypotactic,4
gig_806a,paratactic,2
gig_806b,paratactic,5
gig_807a,hypotactic,2
gig_807b,hypotactic,2
gig_808a,hypotactic,1
gig_808a,paratactic,1
gig_809a,paratactic,1
gig_809c,hypotactic,3
gig_809c,paratactic,1
gig_809d,hypotactic,1
gig_809d,paratactic,1
gig_80a,hypotactic,5
gig_80a,paratactic,6
gig_80b,hypotactic,3
gig_80b,paratactic,3
gig_810a,paratactic,5
gig_810c,hypotactic,1
gig_810c,paratactic,1
gig_810d,hypotactic,1
gig_810d,paratactic,1
gig_811a,paratactic,1
gig_811c,hypotactic,1
gig_811d,paratactic,1
gig_812a,paratactic,1
gig_812c,paratactic,1
gig_813a,hypotactic,2
gig_813d,hypotactic,1
gig_813d,paratactic,1
gig_814a,hypotactic,1
gig_815a,paratactic,2
gig_815b,paratactic,1
gig_816a,hypotactic,2
gig_816a,paratactic,1
gig_817c,hypotactic,1
gig_817c,paratactic,1
gig_818a,paratactic,2
gig_818b,hypotactic,2
gig_818c,hypotactic,2
gig_818c,paratactic,2
gig_819b,hypotactic,1
gig_819b,paratactic,2
gig_819c,hypotactic,1
gig_81a,hypotactic,4
gig_81b,hypotactic,4
gig_81b,paratactic,4
gig_81c,hypotactic,4
gig_821b,hypotactic,1
gig_821c,paratactic,3
gig_822b,hypotactic,4
gig_822b,paratactic,1
gig_822c,paratactic,1
gig_823b,hypotactic,1
gig_823b,paratactic,1
gig_824a,hypotactic,1
gig_824b,paratactic,1
gig_825a,paratactic,2
gig_825b,paratactic,1
gig_826b,hypotactic,4
gig_826b,paratactic,2
gig_826d,paratactic,3
gig_827c,paratactic,1
gig_828b,hypotactic,2
gig_828b,paratactic,1
gig_828c,hypotactic,1
gig_829a,hypotactic,1
gig_829a,paratactic,1
gig_829b,hypotactic,1
gig_829b,paratactic,2
gig_829c,hypotactic,1
gig_829c,paratactic,2
gig_82a,hypotactic,2
gig_82a,paratactic,5
gig_82b,hypotactic,4
gig_82b,paratactic,3
gig_82c,hypotactic,8
gig_82c,paratactic,2
gig_830a,hypotactic,2
gig_830a,paratactic,2
gig_830b,hypotactic,2
gig_830c,hypotactic,2
gig_830c,paratactic,3
gig_831b,hypotactic,7
gig_831c,hypotactic,3
gig_831c,paratactic,2
gig_832c,paratactic,5
gig_833a,paratactic,1
gig_833b,hypotactic,1
gig_833c,paratactic,3
gig_834a,hypotactic,1
gig_835a,hypotactic,8
gig_835a,paratactic,2
gig_835b,hypotactic,2
gig_835b,paratactic,4
gig_835c,hypotactic,1
gig_835c,paratactic,5
gig_835d,paratactic,1
gig_836a,hypotactic,2
gig_836a,paratactic,5
gig_836b,hypotactic,1
gig_836b,paratactic,2
gig_836c,hypotactic,1
gig_836c,paratactic,1
gig_836d,hypotactic,4
gig_836d,paratactic,6
gig_837a,paratactic,2
gig_837b,hypotactic,1
gig_837b,paratactic,1
gig_837c,hypotactic,2
gig_837c,paratactic,3
gig_837d,paratactic,1
gig_838a,hypotactic,10
gig_838a,paratactic,4
gig_838b,hypotactic,2
gig_838b,paratactic,7
gig_838c,hypotactic,2
gig_838c,paratactic,1
gig_838d,hypotactic,2
gig_838d,paratactic,6
gig_839a,hypotactic,2
gig_839b,hypotactic,3
gig_839b,paratactic,2
gig_839c,hypotactic,2
gig_839c,paratactic,5
gig_839d,hypotactic,2
gig_839d,paratactic,1
gig_83b,hypotactic,2
gig_840a,hypotactic,3
gig_840b,hypotactic,4
gig_840b,paratactic,1
gig_840c,paratactic,2
gig_840d,hypotactic,4
gig_840d,paratactic,1
gig_841a,hypotactic,2
gig_841b,hypotactic,3
gig_841c,paratactic,3
gig_842a,hypotactic,1
gig_842a,paratactic,2
gig_842b,paratactic,2
gig_842c,hypotactic,1
gig_842c,paratactic,2
gig_842d,paratactic,2
gig_843a,hypotactic,2
gig_843a,paratactic,1
gig_843b,hypotactic,3
gig_843b,paratactic,3
gig_843c,hypotactic,1
gig_843c,paratactic,1
gig_844a,hypotactic,1
gig_844a,paratactic,1
gig_844b,hypotactic,3
gig_844b,paratactic,2
gig_844c,hypotactic,1
gig_844c,paratactic,1
gig_845a,hypotactic,2
gig_845b,hypotactic,3
gig_845c,hypotactic,1
gig_845c,paratactic,2
gig_845d,hypotactic,7
gig_845d,paratactic,2
gig_845e,hypotactic,1
gig_846a,hypotactic,2
gig_846a,paratactic,1
gig_846b,hypotactic,4
gig_846b,paratactic,1
gig_846c,hypotactic,5
gig_846c,paratactic,5
gig_847a,hypotactic,1
gig_847a,paratactic,1
gig_847b,hypotactic,3
gig_847b,paratactic,2
gig_847c,paratactic,1
gig_847d,hypotactic,4
gig_847d,paratactic,10
gig_848a,hypotactic,1
gig_848a,paratactic,2
gig_848b,hypotactic,1
gig_848c,hypotactic,2
gig_848c,paratactic,1
gig_849a,hypotactic,2
gig_849a,paratactic,2
gig_849b,hypotactic,1
gig_849b,paratactic,1
gig_849c,hypotactic,2
gig_849c,paratactic,4
gig_849d,hypotactic,2
gig_849d,paratactic,1
gig_84a,hypotactic,3
gig_84b,hypotactic,3
gig_84b,paratactic,4
gig_84c,hypotactic,1
gig_84c,paratactic,2
gig_850a,hypotactic,5
gig_850a,paratactic,3
gig_850b,hypotactic,3
gig_850b,paratactic,1
gig_850c,hypotactic,4
gig_850c,paratactic,2
gig_850d,hypotactic,2
gig_850d,paratactic,2
gig_851a,hypotactic,5
gig_851a,paratactic,2
gig_851b,hypotactic,2
gig_851b,paratactic,1
gig_851c,paratactic,2
gig_851d,hypotactic,5
gig_851d,paratactic,4
gig_852a,hypotactic,3
gig_852a,paratactic,4
gig_852b,hypotactic,4
gig_852b,paratactic,4
gig_852c,hypotactic,3
gig_852c,paratactic,4
gig_852d,hypotactic,3
gig_852d,paratactic,3
gig_852e,hypotactic,1
gig_852e,paratactic,2
gig_853a,hypotactic,3
gig_853a,paratactic,2
gig_853c,hypotactic,1
gig_853c,paratactic,2
gig_853d,hypotactic,6
gig_853d,paratactic,2
gig_853e,hypotactic,2
gig_854a,hypotactic,6
gig_854a,paratactic,3
gig_854b,hypotactic,5
gig_854b,paratactic,1
gig_854c,hypotactic,11
gig_854c,paratactic,3
gig_854d,hypotactic,2
gig_854d,paratactic,4
gig_854e,hypotactic,4
gig_854e,paratactic,1
gig_855a,paratactic,1
gig_855b,hypotactic,3
gig_855c,hypotactic,3
gig_855c,paratactic,1
gig_855d,hypotactic,3
gig_855d,paratactic,3
gig_855e,paratactic,3
gig_856a,hypotactic,1
gig_856a,paratactic,4
gig_856b,hypotactic,2
gig_856b,paratactic,1
gig_856c,paratactic,2
gig_856d,hypotactic,3
gig_856d,paratactic,3
gig_856e,hypotactic,1
gig_856e,paratactic,1
gig_857a,hypotactic,2
gig_857a,paratactic,3
gig_857b,hypotactic,1
gig_857b,paratactic,4
gig_857c,hypotactic,2
gig_857c,paratactic,2
gig_857d,hypotactic,1
gig_857d,paratactic,1
gig_857e,hypotactic,1
gig_857e,paratactic,1
gig_858a,hypotactic,1
gig_858a,paratactic,2
gig_858b,paratactic,5
gig_858c,paratactic,2
gig_858d,paratactic,2
gig_859b,hypotactic,4
gig_859b,paratactic,2
gig_859c,paratactic,7
gig_859d,hypotactic,4
gig_859d,paratactic,2
gig_859e,hypotactic,3
gig_859e,paratactic,1
gig_85a,hypotactic,1
gig_85a,paratactic,4
gig_85b,hypotactic,6
gig_85b,paratactic,4
gig_85c,hypotactic,3
gig_860a,hypotactic,1
gig_860a,paratactic,2
gig_860b,hypotactic,3
gig_860b,paratactic,6
gig_860c,hypotactic,1
gig_860d,hypotactic,2
gig_860d,paratactic,4
gig_860e,paratactic,2
gig_860f,hypotactic,8
gig_860f,paratactic,5
gig_861a,hypotactic,1
gig_861a,paratactic,3
gig_861b,paratactic,1
gig_861c,hypotactic,3
gig_861c,paratactic,1
gig_861d,hypotactic,2
gig_861d,paratactic,8
gig_861e,paratactic,3
gig_862a,hypotactic,3
gig_862b,hypotactic,2
gig_862b,paratactic,1
gig_862c,paratactic,1
gig_862d,hypotactic,2
gig_862d,paratactic,4
gig_863a,hypotactic,1
gig_863a,paratactic,1
gig_863b,hypotactic,8
gig_863b,paratactic,3
gig_863c,hypotactic,3
gig_863c,paratactic,1
gig_863d,hypotactic,2
gig_863d,paratactic,1
gig_863e,paratactic,3
gig_863f,hypotactic,2
gig_863f,paratactic,2
gig_864a,hypotactic,1
gig_864a,paratactic,1
gig_864b,hypotactic,1
gig_864b,paratactic,3
gig_864c,hypotactic,2
gig_864c,paratactic,5
gig_864d,hypotactic,2
gig_864e,hypotactic,2
gig_864e,paratactic,3
gig_865b,hypotactic,1
gig_865b,paratactic,1
gig_865c,hypotactic,4
gig_865d,paratactic,1
gig_865e,hypotactic,1
gig_865e,paratactic,1
gig_866a,hypotactic,1
gig_866a,paratactic,1
gig_866b,hypotactic,2
gig_866b,paratactic,1
gig_866c,hypotactic,2
gig_866c,paratactic,1
gig_866d,hypotactic,1
gig_866d,paratactic,1
gig_867a,hypotactic,3
gig_867a,paratactic,2
gig_867b,hypotactic,3
gig_867b,paratactic,6
gig_867c,hypotactic,9
gig_867c,paratactic,1
gig_867d,hypotactic,3
gig_867d,paratactic,4
gig_867e,paratactic,3
gig_868a,hypotactic,4
gig_868b,hypotactic,1
gig_868b,paratactic,1
gig_868c,hypotactic,1
gig_868c,paratactic,2
gig_868d,hypotactic,1
gig_868e,hypotactic,2
gig_869a,hypotactic,2
gig_869a,paratactic,1
gig_869b,hypotactic,5
gig_869b,paratactic,2
gig_869c,hypotactic,3
gig_869c,paratactic,2
gig_869d,hypotactic,6
gig_869d,paratactic,1
gig_869e,hypotactic,2
gig_869e,paratactic,2
gig_86a,hypotactic,3
gig_86a,paratactic,6
gig_86b,hypotactic,8
gig_86b,paratactic,5
gig_870a,hypotactic,1
gig_870a,paratactic,2
gig_870b,hypotactic,3
gig_870b,paratactic,1
gig_870c,hypotactic,2
gig_870c,paratactic,1
gig_870d,hypotactic,1
gig_870d,paratactic,3
gig_870e,hypotactic,1
gig_870e,paratactic,2
gig_870f,hypotactic,1
gig_871a,hypotactic,3
gig_871a,paratactic,1
gig_871b,hypotactic,3
gig_871b,paratactic,1
gig_871c,hypotactic,1
gig_871c,paratactic,3
gig_871d,hypotactic,2
gig_871d,paratactic,1
gig_871e,hypotactic,2
gig_871e,paratactic,2
gig_872a,hypotactic,1
gig_872a,paratactic,2
gig_872c,paratactic,2
gig_872d,hypotactic,3
gig_872d,paratactic,2
gig_872e,hypotactic,1
gig_872e,paratactic,3
gig_873a,hypotactic,1
gig_873a,paratactic,1
gig_873b,hypotactic,1
gig_873b,paratactic,1
gig_873c,hypotactic,10
gig_873c,paratactic,4
gig_873d,hypotactic,10
gig_873d,paratactic,4
gig_873e,hypotactic,7
gig_873e,paratactic,3
gig_873f,hypotactic,22
gig_873f,paratactic,2
gig_874a,hypotactic,1
gig_874a,paratactic,1
gig_874b,hypotactic,5
gig_874b,paratactic,2
gig_874c,hypotactic,5
gig_875a,hypotactic,6
gig_875a,paratactic,2
gig_875b,hypotactic,5
gig_875b,paratactic,3
gig_875c,hypotactic,11
gig_875c,paratactic,1
gig_875d,hypotactic,12
gig_875d,paratactic,7
gig_875e,hypotactic,6
gig_875e,paratactic,2
gig_875f,hypotactic,7
gig_876a,hypotactic,6
gig_876b,hypotactic,2
gig_876c,hypotactic,6
gig_876c,paratactic,3
gig_877a,hypotactic,4
gig_877a,paratactic,4
gig_877b,hypotactic,6
gig_877b,paratactic,2
gig_877c,hypotactic,10
gig_877c,paratactic,6
gig_877d,hypotactic,17
gig_877d,paratactic,12
gig_877e,hypotactic,12
gig_877e,paratactic,6
gig_877f,hypotactic,22
gig_877f,paratactic,6
gig_878a,hypotactic,1
gig_878a,paratactic,1
gig_878b,hypotactic,7
gig_878b,paratactic,2
gig_878c,hypotactic,2
gig_878c,paratactic,3
gig_878d,hypotactic,14
gig_878d,paratactic,9
gig_878e,hypotactic,4
gig_878e,paratactic,2
gig_878f,hypotactic,8
gig_878f,paratactic,3
gig_879a,hypotactic,2
gig_879a,paratactic,1
gig_879b,hypotactic,3
gig_879b,paratactic,4
gig_879c,hypotactic,3
gig_879c,paratactic,1
gig_879d,hypotactic,4
gig_879d,paratactic,5
gig_879e,hypotactic,2
gig_879e,paratactic,1
gig_879f,hypotactic,6
gig_879f,paratactic,5
gig_87a,hypotactic,7
gig_87a,paratactic,6
gig_87b,paratactic,5
gig_880a,hypotactic,17
gig_880a,paratactic,6
gig_880b,hypotactic,9
gig_880b,paratactic,6
gig_880c,hypotactic,1
gig_880c,paratactic,3
gig_880d,hypotactic,4
gig_880d,paratactic,5
gig_880e,hypotactic,4
gig_880e,paratactic,3
gig_881a,hypotactic,5
gig_881a,paratactic,4
gig_881b,hypotactic,3
gig_881b,paratactic,4
gig_881c,hypotactic,6
gig_881c,paratactic,3
gig_881d,hypotactic,4
gig_881d,paratactic,1
gig_881e,hypotactic,7
gig_881e,paratactic,4
gig_882a,hypotactic,2
gig_882b,hypotactic,5
gig_882b,paratactic,3
gig_882c,hypotactic,13
gig_882c,paratactic,8
gig_883a,hypotactic,7
gig_883a,paratactic,6
gig_883b,hypotactic,6
gig_883b,paratactic,3
gig_883c,hypotactic,3
gig_883d,hypotactic,11
gig_883d,paratactic,4
gig_883e,hypotactic,6
gig_883e,paratactic,8
gig_883f,hypotactic,1
gig_883f,paratactic,4
gig_884a,hypotactic,2
gig_884a,paratactic,7
gig_884b,hypotactic,2
gig_884b,paratactic,5
gig_884c,hypotactic,7
gig_884c,paratactic,5
gig_885a,hypotactic,3
gig_885a,paratactic,4
gig_885b,hypotactic,5
gig_885b,paratactic,2
gig_885c,hypotactic,9
gig_885c,paratactic,2
gig_886a,hypotactic,3
gig_886a,paratactic,8
gig_886b,hypotactic,3
gig_886b,paratactic,3
gig_887a,hypotactic,6
gig_887a,paratactic,6
gig_887b,hypotactic,5
gig_887b,paratactic,5
gig_888a,hypotactic,8
gig_888a,paratactic,1
gig_888b,hypotactic,10
gig_888b,paratactic,7
gig_889a,hypotactic,8
gig_889a,paratactic,3
gig_889b,hypotactic,11
gig_889b,paratactic,6
gig_88a,hypotactic,6
gig_88a,paratactic,5
gig_88b,hypotactic,3
gig_88b,paratactic,4
gig_890a,hypotactic,5
gig_890a,paratactic,15
gig_890b,hypotactic,9
gig_890b,paratactic,4
gig_890c,hypotactic,5
gig_890c,paratactic,14
gig_891a,hypotactic,5
gig_891a,paratactic,18
gig_891b,hypotactic,6
gig_891b,paratactic,5
gig_891c,hypotactic,6
gig_891c,paratactic,5
gig_892a,hypotactic,5
gig_892a,paratactic,4
gig_892b,hypotactic,18
gig_892b,paratactic,18
gig_893,hypotactic,13
gig_893,paratactic,10
gig_894a,hypotactic,1
gig_894a,paratactic,4
gig_894b,hypotactic,5
gig_894b,paratactic,2
gig_894c,hypotactic,4
gig_894c,paratactic,8
gig_895a,hypotactic,11
gig_895a,paratactic,24
gig_895b,hypotactic,9
gig_895b,paratactic,4
gig_895c,hypotactic,8
gig_895c,paratactic,2
gig_896a,hypotactic,8
gig_896a,paratactic,4
gig_896b,hypotactic,1
gig_896b,paratactic,2
gig_896c,hypotactic,14
gig_896c,paratactic,7
gig_897a,hypotactic,8
gig_897a,paratactic,9
gig_897b,hypotactic,4
gig_897b,paratactic,3
gig_898a,hypotactic,11
gig_898a,paratactic,7
gig_898b,hypotactic,12
gig_898b,paratactic,4
gig_898c,hypotactic,7
gig_898c,paratactic,5
gig_899a,hypotactic,8
gig_899a,paratactic,2
gig_899b,hypotactic,11
gig_899b,paratactic,8
gig_89a,hypotactic,3
gig_89a,paratactic,2
gig_89b,hypotactic,3
gig_89b,paratactic,4
gig_89c,hypotactic,3
gig_89c,paratactic,1
gig_8a,paratactic,1
gig_8c,paratactic,4
gig_8d,hypotactic,1
gig_8d,paratactic,3
gig_900,hypotactic,11
gig_900,paratactic,19
gig_901a,hypotactic,38
gig_901a,paratactic,29
gig_901b,hypotactic,12
gig_901b,paratactic,6
gig_902a,hypotactic,23
gig_902a,paratactic,28
gig_902b,hypotactic,3
gig_902b,paratactic,2
gig_903a,hypotactic,9
gig_903a,paratactic,6
gig_903b,paratactic,7
gig_903c,hypotactic,5
gig_903c,paratactic,1
gig_904a,hypotactic,1
gig_904b,hypotactic,8
gig_904b,paratactic,3
gig_904c,hypotactic,6
gig_904c,paratactic,2
gig_905a,hypotactic,3
gig_905a,paratactic,2
gig_905b,hypotactic,2
gig_905b,paratactic,5
gig_905c,hypotactic,6
gig_905c,paratactic,3
gig_905d,hypotactic,2
gig_905d,paratactic,2
gig_906a,hypotactic,2
gig_906a,paratactic,5
gig_906b,hypotactic,5
gig_906c,hypotactic,3
gig_906c,paratactic,5
gig_906d,hypotactic,3
gig_906d,paratactic,4
gig_907a,hypotactic,1
gig_907b,hypotactic,2
gig_907b,paratactic,3
gig_907c,hypotactic,3
gig_907c,paratactic,3
gig_907d,hypotactic,1
gig_907d,paratactic,2
gig_908a,hypotactic,4
gig_908a,paratactic,6
gig_908b,hypotactic,4
gig_908b,paratactic,2
gig_908c,hypotactic,3
gig_908c,paratactic,6
gig_908d,hypotactic,4
gig_908d,paratactic,4
gig_909a,hypotactic,3
gig_909a,paratactic,4
gig_909b,hypotactic,3
gig_909b,paratactic,3
gig_909c,hypotactic,2
gig_909c,paratactic,7
gig_90a,hypotactic,5
gig_90a,paratactic,1
gig_90b,hypotactic,4
gig_90b,paratactic,2
gig_90c,hypotactic,7
gig_90c,paratactic,3
gig_910a,hypotactic,6
gig_910a,paratactic,5
gig_910b,hypotactic,11
gig_910b,paratactic,7
gig_910c,hypotactic,10
gig_910c,paratactic,4
gig_910d,hypotactic,5
gig_910d,paratactic,11
gig_911a,hypotactic,4
gig_911a,paratactic,2
gig_911b,hypotactic,14
gig_911b,paratactic,1
gig_911c,hypotactic,9
gig_911c,paratactic,4
gig_911d,hypotactic,2
gig_911d,paratactic,4
gig_912a,hypotactic,2
gig_912a,paratactic,1
gig_912b,hypotactic,2
gig_912b,paratactic,6
gig_912c,hypotactic,7
gig_912c,paratactic,4
gig_912d,hypotactic,2
gig_912d,paratactic,5
gig_913a,hypotactic,4
gig_913b,hypotactic,11
gig_913b,paratactic,5
gig_913c,hypotactic,12
gig_913c,paratactic,11
gig_914a,hypotactic,1
gig_914a,paratactic,2
gig_914b,hypotactic,6
gig_914b,paratactic,3
gig_914c,hypotactic,3
gig_914c,paratactic,4
gig_914d,hypotactic,2
gig_914d,paratactic,5
gig_915a,hypotactic,3
gig_915a,paratactic,5
gig_915b,hypotactic,8
gig_915b,paratactic,8
gig_915c,hypotactic,5
gig_915c,paratactic,6
gig_915d,hypotactic,4
gig_915d,paratactic,5
gig_916a,hypotactic,3
gig_916b,hypotactic,3
gig_916b,paratactic,2
gig_916c,hypotactic,4
gig_916c,paratactic,2
gig_917a,hypotactic,3
gig_917a,paratactic,1
gig_917b,hypotactic,7
gig_917b,paratactic,4
gig_917c,hypotactic,11
gig_917c,paratactic,5
gig_917d,hypotactic,6
gig_917d,paratactic,2
gig_918a,hypotactic,1
gig_918a,paratactic,1
gig_918b,hypotactic,2
gig_918b,paratactic,6
gig_918c,hypotactic,4
gig_918c,paratactic,1
gig_918d,hypotactic,1
gig_918d,paratactic,3
gig_919a,hypotactic,6
gig_919a,paratactic,5
gig_919b,hypotactic,4
gig_919b,paratactic,2
gig_919c,hypotactic,11
gig_919c,paratactic,6
gig_919d,hypotactic,3
gig_919d,paratactic,3
gig_91a,hypotactic,5
gig_91a,paratactic,5
gig_91b,hypotactic,5
gig_91b,paratactic,3
gig_91c,hypotactic,3
gig_91c,paratactic,2
gig_920a,hypotactic,2
gig_920a,paratactic,6
gig_920b,hypotactic,3
gig_920b,paratactic,11
gig_920c,hypotactic,10
gig_920c,paratactic,15
gig_920d,hypotactic,2
gig_921a,hypotactic,3
gig_921b,hypotactic,5
gig_921b,paratactic,12
gig_921c,hypotactic,2
gig_921c,paratactic,2
gig_921d,paratactic,2
gig_922a,hypotactic,3
gig_922a,paratactic,2
gig_922b,hypotactic,1
gig_922b,paratactic,4
gig_922c,hypotactic,7
gig_922c,paratactic,4
gig_922d,hypotactic,4
gig_922d,paratactic,7
gig_923a,hypotactic,6
gig_923a,paratactic,2
gig_923b,hypotactic,7
gig_923b,paratactic,3
gig_923c,hypotactic,10
gig_923c,paratactic,5
gig_923d,hypotactic,3
gig_923d,paratactic,4
gig_924a,paratactic,1
gig_924b,hypotactic,5
gig_924b,paratactic,3
gig_924c,hypotactic,11
gig_924c,paratactic,2
gig_924d,hypotactic,4
gig_924d,paratactic,9
gig_925a,hypotactic,6
gig_925a,paratactic,2
gig_925b,hypotactic,8
gig_925b,paratactic,7
gig_925c,hypotactic,4
gig_925c,paratactic,1
gig_925d,hypotactic,7
gig_925d,paratactic,3
gig_926a,hypotactic,4
gig_926a,paratactic,2
gig_926b,hypotactic,5
gig_926b,paratactic,2
gig_926c,hypotactic,5
gig_926c,paratactic,5
gig_926d,hypotactic,3
gig_926d,paratactic,5
gig_927a,hypotactic,1
gig_927a,paratactic,3
gig_927b,hypotactic,8
gig_927b,paratactic,1
gig_927c,hypotactic,8
gig_927c,paratactic,6
gig_927d,hypotactic,2
gig_927d,paratactic,2
gig_928a,hypotactic,2
gig_928a,paratactic,3
gig_928b,hypotactic,8
gig_928b,paratactic,2
gig_928c,hypotactic,5
gig_928c,paratactic,4
gig_928d,hypotactic,1
gig_928d,paratactic,3
gig_929a,hypotactic,3
gig_929a,paratactic,1
gig_929b,hypotactic,7
gig_929b,paratactic,6
gig_929c,hypotactic,9
gig_929c,paratactic,5
gig_929d,hypotactic,2
gig_929d,paratactic,3
gig_92a,hypotactic,12
gig_92a,paratactic,5
gig_92b,hypotactic,9
gig_92b,paratactic,5
gig_930a,hypotactic,5
gig_930a,paratactic,1
gig_930b,hypotactic,4
gig_930b,paratactic,7
gig_930c,hypotactic,3
gig_930c,paratactic,15
gig_930d,hypotactic,1
gig_930d,paratactic,3
gig_931a,hypotactic,2
gig_931a,paratactic,4
gig_931b,hypotactic,11
gig_931b,paratactic,3
gig_931c,hypotactic,3
gig_931c,paratactic,4
gig_932a,hypotactic,3
gig_932a,paratactic,2
gig_932b,hypotactic,4
gig_932b,paratactic,4
gig_932c,hypotactic,13
gig_932c,paratactic,8
gig_932d,hypotactic,2
gig_932d,paratactic,1
gig_933a,hypotactic,4
gig_933b,hypotactic,4
gig_933b,paratactic,3
gig_933c,hypotactic,7
gig_933c,paratactic,1
gig_933d,hypotactic,3
gig_933d,paratactic,2
gig_934a,hypotactic,2
gig_934a,paratactic,3
gig_934b,hypotactic,4
gig_934b,paratactic,3
gig_934c,hypotactic,5
gig_934c,paratactic,5
gig_934d,hypotactic,3
gig_934d,paratactic,2
gig_935a,hypotactic,2
gig_935a,paratactic,1
gig_935b,hypotactic,2
gig_935b,paratactic,3
gig_935c,hypotactic,9
gig_935c,paratactic,4
gig_935d,hypotactic,8
gig_935d,paratactic,1
gig_936a,hypotactic,1
gig_936a,paratactic,1
gig_936b,hypotactic,11
gig_936b,paratactic,2
gig_936c,hypotactic,12
gig_936c,paratactic,5
gig_936d,hypotactic,1
gig_936d,paratactic,3
gig_937a,hypotactic,1
gig_937a,paratactic,3
gig_937b,hypotactic,6
gig_937b,paratactic,4
gig_937c,hypotactic,10
gig_937c,paratactic,5
gig_938a,paratactic,3
gig_938b,hypotactic,2
gig_938c,hypotactic,11
gig_938c,paratactic,5
gig_938d,hypotactic,4
gig_938d,paratactic,6
gig_939a,hypotactic,2
gig_939a,paratactic,1
gig_939b,hypotactic,3
gig_939b,paratactic,2
gig_939c,hypotactic,8
gig_939c,paratactic,4
gig_939d,hypotactic,2
gig_939d,paratactic,1
gig_93a,hypotactic,1
gig_93a,paratactic,1
gig_93b,hypotactic,5
gig_93b,paratactic,3
gig_93c,hypotactic,4
gig_93c,paratactic,1
gig_940a,hypotactic,2
gig_940a,paratactic,1
gig_940b,hypotactic,8
gig_940b,paratactic,2
gig_940c,hypotactic,5
gig_940c,paratactic,2
gig_940d,hypotactic,1
gig_940d,paratactic,5
gig_941a,hypotactic,4
gig_941a,paratactic,2
gig_941b,hypotactic,5
gig_941b,paratactic,7
gig_941c,hypotactic,4
gig_941c,paratactic,4
gig_941d,hypotactic,4
gig_941d,paratactic,9
gig_942a,hypotactic,1
gig_942a,paratactic,4
gig_942b,hypotactic,3
gig_942b,paratactic,1
gig_942c,hypotactic,7
gig_942c,paratactic,2
gig_942d,hypotactic,2
gig_942d,paratactic,5
gig_943a,hypotactic,1
gig_943b,hypotactic,3
gig_943b,paratactic,4
gig_943c,paratactic,1
gig_944a,hypotactic,1
gig_944a,paratactic,3
gig_944b,hypotactic,2
gig_944c,hypotactic,7
gig_944c,paratactic,2
gig_944d,hypotactic,5
gig_944d,paratactic,5
gig_944e,hypotactic,4
gig_944e,paratactic,3
gig_945a,hypotactic,5
gig_945a,paratactic,1
gig_945b,hypotactic,2
gig_945b,paratactic,5
gig_945c,hypotactic,9
gig_945c,paratactic,3
gig_945d,hypotactic,4
gig_946a,hypotactic,4
gig_946a,paratactic,3
gig_946b,hypotactic,10
gig_946b,paratactic,2
gig_946c,hypotactic,9
gig_946c,paratactic,6
gig_946d,hypotactic,3
gig_946d,paratactic,2
gig_947a,hypotactic,1
gig_947a,paratactic,2
gig_947b,hypotactic,4
gig_947b,paratactic,1
gig_947c,hypotactic,4
gig_947c,paratactic,2
gig_948c,hypotactic,1
gig_949a,hypotactic,2
gig_949c,hypotactic,1
gig_94a,hypotactic,1
gig_94a,paratactic,5
gig_950a,hypotactic,1
gig_950a,paratactic,1
gig_951a,hypotactic,2
gig_951a,paratactic,1
gig_952c,hypotactic,2
gig_952c,paratactic,2
gig_953a,paratactic,1
gig_953c,paratactic,1
gig_954a,hypotactic,6
gig_954a,paratactic,1
gig_954b,hypotactic,1
gig_954b,paratactic,2
gig_954c,hypotactic,4
gig_954d,hypotactic,1
gig_954d,paratactic,2
gig_955a,hypotactic,5
gig_955a,paratactic,1
gig_955b,hypotactic,5
gig_956a,hypotactic,1
gig_956b,hypotactic,5
gig_956b,paratactic,1
gig_956c,hypotactic,2
gig_956c,paratactic,1
gig_956d,hypotactic,1
gig_957,hypotactic,5
gig_957,paratactic,1
gig_958a,hypotactic,4
gig_958a,paratactic,1
gig_958b,hypotactic,3
gig_958b,paratactic,2
gig_959a,hypotactic,9
gig_959a,paratactic,8
gig_959b,hypotactic,8
gig_959b,paratactic,3
gig_95a,hypotactic,8
gig_95a,paratactic,2
gig_95b,hypotactic,2
gig_95b,paratactic,1
gig_95c,hypotactic,8
gig_95c,paratactic,1
gig_960a,hypotactic,1
gig_960a,paratactic,1
gig_960b,hypotactic,2
gig_961a,hypotactic,5
gig_961a,paratactic,4
gig_961b,hypotactic,7
gig_961b,paratactic,1
gig_961c,hypotactic,7
gig_962a,hypotactic,4
gig_962a,paratactic,1
gig_962b,hypotactic,1
gig_962b,paratactic,2
gig_964c,hypotactic,2
gig_964c,paratactic,1
gig_965c,hypotactic,1
gig_965c,paratactic,1
gig_966a,hypotactic,3
gig_966b,paratactic,1
gig_966c,hypotactic,2
gig_967a,hypotactic,2
gig_968b,hypotactic,2
gig_968c,hypotactic,1
gig_969a,paratactic,1
gig_969b,paratactic,1
gig_969c,hypotactic,1
gig_969c,paratactic,2
gig_96a,hypotactic,2
gig_96a,paratactic,6
gig_96b,hypotactic,3
gig_96b,paratactic,2
gig_970a,paratactic,1
gig_970c,hypotactic,1
gig_971a,hypotactic,1
gig_971b,paratactic,1
gig_971c,paratactic,1
gig_972c,paratactic,1
gig_973a,hypotactic,1
gig_973a,paratactic,1
gig_974b,hypotactic,2
gig_974b,paratactic,1
gig_975a,hypotactic,1
gig_975b,hypotactic,3
gig_975b,paratactic,4
gig_975c,hypotactic,3
gig_975c,paratactic,1
gig_976b,hypotactic,7
gig_976b,paratactic,5
gig_977a,hypotactic,8
gig_977a,paratactic,5
gig_977b,hypotactic,14
gig_977b,paratactic,5
gig_978a,hypotactic,13
gig_978a,paratactic,4
gig_978b,hypotactic,5
gig_978b,paratactic,4
gig_978c,hypotactic,3
gig_978c,paratactic,2
gig_978e,hypotactic,7
gig_979b,hypotactic,9
gig_979c,hypotactic,1
gig_97a,hypotactic,6
gig_97a,paratactic,4
gig_97b,hypotactic,2
gig_97b,paratactic,6
gig_97c,hypotactic,2
gig_97c,paratactic,1
gig_980a,hypotactic,1
gig_980b,paratactic,2
gig_981a,hypotactic,3
gig_981a,paratactic,3
gig_981b,hypotactic,1
gig_981b,paratactic,1
gig_981c,hypotactic,8
gig_982a,hypotactic,4
gig_982a,paratactic,2
gig_982b,hypotactic,1
gig_982b,paratactic,2
gig_983a,hypotactic,3
gig_983b,hypotactic,1
gig_983b,paratactic,1
gig_984a,hypotactic,2
gig_985,hypotactic,3
gig_985,paratactic,4
gig_986a,hypotactic,1
gig_986a,paratactic,3
gig_986b,hypotactic,3
gig_986c,hypotactic,1
gig_987,hypotactic,1
gig_987,paratactic,1
gig_988,hypotactic,4
gig_988,paratactic,2
gig_989,hypotactic,3
gig_989,paratactic,1
gig_98a,paratactic,1
gig_98b,hypotactic,2
gig_98b,paratactic,2
gig_98c,hypotactic,2
gig_98c,paratactic,1
gig_990a1,hypotactic,6
gig_990a1,paratactic,1
gig_990a2,hypotactic,12
gig_990a2,paratactic,7
gig_991a1,hypotactic,4
gig_991a1,paratactic,1
gig_991a2,hypotactic,10
gig_991a2,paratactic,8
gig_992a1,hypotactic,47
gig_992a1,paratactic,22
gig_992a2,hypotactic,21
gig_992a2,paratactic,14
gig_993a1,hypotactic,17
gig_993a1,paratactic,6
gig_993a2,hypotactic,33
gig_993a2,paratactic,22
gig_994a,hypotactic,3
gig_994a,paratactic,1
gig_994b,hypotactic,2
gig_994c,hypotactic,4
gig_994c,paratactic,2
gig_995,hypotactic,3
gig_995,paratactic,1
gig_996a,hypotactic,2
gig_996b,hypotactic,3
gig_996c,hypotactic,3
gig_996c,paratactic,1
gig_997a,hypotactic,1
gig_997a,paratactic,2
gig_997b,hypotactic,4
gig_997b,paratactic,2
gig_997c,hypotactic,4
gig_997c,paratactic,3
gig_998a,hypotactic,3
gig_998b,hypotactic,3
gig_998c,hypotactic,5
gig_999,hypotactic,38
gig_999,paratactic,8
gig_99b,hypotactic,1
gig_99b,paratactic,2
gig_9a,paratactic,2
gig_9b,hypotactic,2
